job_title,seniority_level,status,company,location,headquarter,industry,ownership,company_size,revenue,skills,min_salary,max_salary
data scientist,senior,hybrid,company_003,United States,United States,Retail,Public,,352440000000.0,"['spark', 'r', 'python', 'scala', 'machine learning', 'tensorflow']",100472.0,200938.0
data scientist,lead,hybrid,company_005,United States,United States,Manufacturing,Public,155030.0,51100000000.0,"['spark', 'r', 'python', 'sql', 'machine learning']",118733.0,
data scientist,senior,on-site,company_007,multi-location,United States,Technology,Public,25930.0,33800000000.0,"['aws', 'git', 'python', 'docker', 'sql', 'machine learning', 'gcp', 'kubernetes', 'deep learning']",94987.0,159559.0
data scientist,senior,hybrid,company_008,multi-location,United States,Technology,Public,34690.0,81710000000.0,"['sql', 'r', 'python']",,194402.0
data scientist,,on-site,company_009,United States,United States,Finance,Private,1800.0,,[],114172.0,228337.0
data scientist,lead,,company_013,United States,United States,Technology,Private,150.0,2160000000.0,"['scikit-learn', 'python', 'scala', 'sql', 'machine learning', 'tensorflow']",196371.0,251170.0
data scientist,junior,,company_014,United States,United States,Education,,17471.0,,[],51330.0,70144.0
machine learning engineer,senior,on-site,company_015,United States,United States,Technology,Public,900.0,,['machine learning'],121480.0,132440.0
data scientist,senior,remote,company_019,Remote,United States,Technology,Private,126.0,,[],207331.0,207331.0
data scientist,senior,on-site,company_021,United States,United States,Technology,Public,5520.0,61060000000.0,[],219201.0,219201.0
data scientist,senior,,company_022,United States,United States,Technology,Public,103010.0,128130000000.0,"['pytorch', 'r', 'python', 'sql', 'machine learning', 'keras', 'deep learning', 'tensorflow']",96815.0,96815.0
data scientist,midlevel,,company_027,Canada,Canada,Education,,240.0,,"['java', 'git', 'python']",62697.0,89293.0
data scientist,senior,remote,company_029,United States,United States,Manufacturing,Public,21030.0,43180000000.0,"['sql', 'machine learning', 'python']",99464.0,165954.0
data scientist,senior,on-site,company_031,United States,United States,Healthcare,Public,128890.0,413020000000.0,"['sql', 'machine learning', 'r', 'python']",112343.0,117823.0
data scientist,senior,on-site,company_034,United States,United States,Technology,Private,45.0,,"['pandas', 'powerbi', 'python', 'java', 'sql', 'machine learning', 'tableau']",127867.0,
data scientist,senior,remote,company_037,Remote,United States,Finance,Private,300.0,,[],134266.0,134266.0
data scientist,lead,,company_038,Asia,Europe,Technology,Public,132000.0,17410000000.0,"['spark', 'aws', 'r', 'python', 'machine learning', 'gcp', 'deep learning', 'hadoop', 'azure']",52746.0,
data scientist,lead,on-site,company_039,United States,United States,Finance,Public,257150.0,163380000000.0,"['aws', 'r', 'python', 'sql', 'machine learning', 'azure', 'tableau']",126956.0,198196.0
data scientist,senior,remote,company_040,Remote,United States,Education,Private,130.0,1290000000.0,[],185412.0,228338.0
machine learning engineer,junior,,company_041,Europe,Europe,Healthcare,Public,93580.0,247180000000.0,"['pytorch', 'python', 'machine learning', 'deep learning', 'tensorflow']",80123.0,80123.0
data scientist,senior,on-site,company_043,Canada,Canada,Finance,Public,44010.0,,"['pytorch', 'spark', 'git', 'r', 'python', 'sql', 'machine learning', 'tensorflow']",,72611.0
data scientist,senior,on-site,company_044,multi-location,United States,Energy,Public,11610.0,51400000000.0,"['pytorch', 'scikit-learn', 'python', 'machine learning', 'deep learning', 'tensorflow']",95265.0,164221.0
data scientist,senior,on-site,company_045,Canada,Canada,Technology,Private,300.0,,"['airflow', 'spark', 'machine learning', 'python']",85044.0,
data scientist,senior,,company_046,United States,United States,Technology,Private,100.0,913330000.0,[],146141.0,210074.0
data scientist,lead,,company_047,Asia,Asia,Technology,Public,222070.0,24360000000.0,"['deep learning', 'machine learning']",10049.0,10049.0
data sci,,remote,company_048,United States,United States,Technology,Private,340.0,1490000000.0,[],91335.0,109601.0
data scientist,senior,,company_049,multi-location,United States,Technology,Private,3780.0,,"['aws', 'git', 'r', 'python', 'docker', 'machine learning', 'kubernetes', 'deep learning', 'azure']",125171.0,175240.0
data scientist,senior,,company_050,United States,United States,Education,Private,807.0,3450000000.0,"['sql', 'machine learning', 'r', 'python']",150707.0,150707.0
data scientist,senior,on-site,company_051,United States,United States,Technology,,8010.0,,['python'],210071.0,210071.0
machine learning engineer,senior,,company_052,Europe,United States,Technology,Public,26950.0,53200000000.0,"['sql', 'machine learning', 'python']",72515.0,72515.0
data scientist,lead,on-site,company_054,United States,United States,Technology,Public,4820.0,29920000000.0,"['machine learning', 'python']",112288.0,
data scientist,lead,hybrid,company_057,United States,United States,Retail,Public,157200.0,,"['r', 'python', 'sql', 'machine learning', 'tableau']",132437.0,132437.0
data scientist,senior,hybrid,company_061,Europe,Europe,Technology,Public,1320.0,,"['spark', 'python', 'airflow', 'sql', 'machine learning']",45669.0,63936.0
data sci,senior,on-site,company_054,United States,United States,Technology,Public,4780.0,30070000000.0,"['machine learning', 'python']",112291.0,112291.0
,midlevel,,company_064,Europe,Europe,Technology,,900.0,,"['git', 'r', 'python', 'linux', 'bash']",28068.0,28068.0
data scientist,senior,on-site,company_065,Canada,United States,Technology,Private,26070.0,,"['pandas', 'numpy', 'scikit-learn', 'python', 'sql', 'azure', 'tableau']",,
data scientist,senior,hybrid,company_067,multi-location,United States,Technology,Public,5260.0,14350000000.0,[],260211.0,260211.0
data scientist,lead,,company_069,United States,United States,Technology,Private,210.0,,"['pytorch', 'spark', 'scikit-learn', 'python', 'neural network', 'machine learning', 'deep learning', 'tensorflow']",114355.0,114355.0
data scientist,midlevel,on-site,company_071,United States,United States,Technology,Public,9070.0,,"['r', 'python', 'sql', 'machine learning', 'tableau']",144311.0,
data scientist,senior,,company_075,United States,United States,Technology,Public,9030.0,49860000000.0,"['sql', 'machine learning', 'tableau', 'python']",105035.0,105035.0
data scientist,senior,remote,company_077,United States,United States,Technology,Private,60.0,,"['sql', 'machine learning', 'tableau', 'python']",155272.0,164406.0
data scientist,senior,on-site,company_078,United States,United States,Technology,Public,41020.0,111150000000.0,"['pytorch', 'python', 'docker', 'sql', 'neural network', 'kubernetes', 'tensorflow']",140661.0,140661.0
data scientist,senior,hybrid,company_080,multi-location,Canada,Finance,Public,26040.0,,"['machine learning', 'r', 'python']",73739.0,73739.0
data sci,senior,hybrid,company_081,United States,United States,Technology,Public,5050.0,4670000000.0,[],135178.0,168971.0
data scientist,senior,on-site,company_084,United States,United States,Technology,Private,990.0,29170000000.0,[],228515.0,228515.0
data scientist,senior,,company_089,United States,United States,Finance,Public,2290.0,,"['aws', 'git', 'python', 'sql', 'machine learning']",137007.0,159840.0
machine learning engineer,senior,,company_049,United States,United States,Technology,Private,3810.0,,"['pandas', 'pytorch', 'aws', 'python', 'docker', 'machine learning', 'kubernetes', 'deep learning', 'azure', 'tensorflow']",162184.0,
data scientist,senior,hybrid,company_092,United States,Canada,Technology,Public,24040.0,,"['java', 'machine learning', 'r', 'python']",92833.0,172402.0
data scientist,lead,on-site,company_093,United States,United States,Technology,Private,46.0,,[],210070.0,228336.0
data scientist,senior,,company_094,multi-location,United States,Technology,Private,330.0,913330000.0,"['pandas', 'pytorch', 'r', 'python', 'machine learning', 'tensorflow']",67594.0,86774.0
data scientist,senior,on-site,company_095,United States,United States,Technology,Private,5.0,,[],123307.0,191806.0
data scientist,senior,on-site,company_096,United States,United States,Finance,Private,950.0,11430000000.0,[],219199.0,273999.0
data scientist,,,company_098,Asia,Asia,Technology,Private,750.0,4930000000.0,[],41302.0,41302.0
data scientist,senior,hybrid,company_099,Canada,Canada,Technology,Public,23860.0,27920000000.0,"['sql', 'tableau', 'python']",75128.0,79194.0
data sci,senior,on-site,company_100,United States,Europe,Technology,Public,28840.0,,"['scikit-learn', 'r', 'python', 'java', 'machine learning']",77667.0,129442.0
data scientist,midlevel,,company_101,Europe,United States,Education,,10933.0,,[],31175.0,31175.0
data scientist,midlevel,remote,company_103,United States,United States,Manufacturing,Public,99620.0,133030000000.0,"['pandas', 'powerbi', 'r', 'python', 'sql', 'neural network', 'machine learning', 'deep learning', 'tableau']",19420.0,98368.0
machine learning engineer,senior,,company_106,Asia,Europe,Logistics,Private,38090.0,34170000000.0,"['spark', 'aws', 'powerbi', 'python', 'docker', 'sql', 'machine learning', 'gcp', 'kubernetes', 'deep learning', 'azure']",26757.0,26757.0
data scientist,senior,,company_089,United States,United States,Finance,Public,2300.0,,"['aws', 'git', 'python', 'sql', 'machine learning']",137005.0,159838.0
data scientist,senior,on-site,company_112,United States,United States,Technology,Private,420.0,5100000000.0,[],148808.0,148808.0
data scientist,lead,on-site,company_113,United States,United States,Retail,Public,118910.0,,"['sql', 'deep learning', 'machine learning']",101935.0,193633.0
data scientist,senior,hybrid,company_115,Asia,Europe,Finance,Public,68400.0,,"['pytorch', 'aws', 'python', 'sql', 'gcp', 'azure', 'tensorflow']",24205.0,24205.0
data scientist,senior,,company_116,Asia,United States,Technology,Public,187540.0,51930000000.0,"['pandas', 'numpy', 'pytorch', 'powerbi', 'git', 'scikit-learn', 'python', 'java', 'sql', 'neural network', 'gcp', 'machine learning', 'matplotlib', 'tensorflow']",13886.0,13886.0
data scientist,senior,on-site,company_119,United States,United States,Finance,Public,3810.0,7940000000.0,[],163491.0,191804.0
data scientist,midlevel,,company_014,United States,United States,Education,,17451.0,,"['machine learning', 'database']",82193.0,122141.0
data scientist,senior,remote,company_121,United States,United States,Technology,Private,1290.0,3170000000.0,[],134541.0,174088.0
data scientist,senior,on-site,company_100,United States,Europe,Technology,Public,28810.0,,"['scikit-learn', 'r', 'python', 'java', 'machine learning']",77671.0,129446.0
data scientist,senior,remote,company_067,multi-location,United States,Technology,Public,5320.0,14200000000.0,[],306623.0,306623.0
data scientist,senior,,company_126,United States,United States,Finance,Private,30.0,,[],28501.0,28501.0
data sci,senior,remote,company_021,Remote,United States,Technology,Public,5550.0,60910000000.0,[],255732.0,255732.0
data scientist,,remote,company_129,Remote,United States,Finance,Private,45.0,,[],91335.0,
data sci,senior,,company_022,United States,United States,Technology,Public,103070.0,128230000000.0,"['python', 'java', 'sql', 'kubernetes', 'azure']",96819.0,96819.0
data sci,senior,on-site,company_134,multi-location,United States,Retail,Public,865416.0,832860000000.0,"['amazon', 'r', 'python', 'machine learning', 'deep learning']",219201.0,219201.0
machine learning engineer,,on-site,company_135,Asia,Asia,Technology,Private,530.0,,[],36340.0,36340.0
data sci,senior,hybrid,company_137,United States,United States,Technology,Private,900.0,913330000.0,"['spark', 'r', 'python', 'database', 'machine learning']",138833.0,138833.0
data scientist,senior,remote,company_141,United States,United States,Technology,Public,108670.0,116780000000.0,['machine learning'],100470.0,132436.0
data scientist,senior,hybrid,company_145,United States,United States,Technology,Public,2760.0,,[],200936.0,200936.0
data scientist,senior,hybrid,company_146,Canada,United States,Finance,Private,780.0,11800000000.0,[],153442.0,210981.0
data scientist,senior,,company_148,United States,United States,Finance,Public,14090.0,55900000000.0,"['spark', 'r', 'python', 'sql', 'hadoop', 'machine learning']",88185.0,
data scientist,senior,on-site,company_153,United States,United States,Technology,Private,900.0,,"['pytorch', 'spark', 'aws', 'scikit-learn', 'python', 'docker', 'deep learning', 'java', 'sql', 'machine learning', 'gcp', 'kubernetes', 'hadoop', 'azure', 'tensorflow']",203676.0,253909.0
data scientist,lead,remote,company_155,United States,United States,Technology,Public,2570.0,,"['aws', 'scikit-learn', 'python', 'sql', 'machine learning', 'tensorflow']",146133.0,
machine learning engineer,,on-site,company_156,United States,United States,Technology,Private,900.0,8100000000.0,[],138826.0,208239.0
data scientist,senior,on-site,company_158,United States,United States,Technology,Private,21690.0,,"['aws', 'git', 'python', 'java', 'kubernetes', 'machine learning']",167600.0,225989.0
data scientist,senior,remote,company_159,Remote,United States,Technology,Private,900.0,11410000000.0,[],133351.0,
data scientist,senior,hybrid,company_164,United States,Europe,Technology,Private,2010.0,12320000000.0,[],149786.0,195453.0
data scientist,senior,on-site,company_166,Europe,Europe,Technology,Public,24780.0,173210000000.0,['r'],82371.0,82371.0
data sci,senior,remote,company_169,Remote,United States,Technology,Public,4080.0,7840000000.0,[],224774.0,224774.0
data scientist,senior,,company_170,Europe,Europe,Technology,Public,52060.0,,"['pytorch', 'git', 'scikit-learn', 'python', 'docker', 'kubernetes', 'machine learning', 'tensorflow']",127874.0,202766.0
data scientist,senior,,company_171,Asia,United States,Technology,Public,524608.0,119430000000.0,"['pandas', 'pytorch', 'r', 'python', 'java', 'database', 'keras', 'machine learning', 'matplotlib', 'tensorflow']",27274.0,52695.0
data scientist,,on-site,company_173,United States,United States,Technology,Private,126.0,,[],109602.0,123302.0
data scientist,senior,on-site,company_176,United States,United States,Technology,Public,2790.0,,[],117189.0,185414.0
data scientist,senior,on-site,company_177,multi-location,United States,Finance,Public,4010.0,,"['scikit-learn', 'python', 'sql', 'machine learning', 'tensorflow']",149445.0,182654.0
data scientist,senior,on-site,company_178,United States,United States,Technology,Public,10100.0,36690000000.0,"['spark', 'r', 'python', 'hadoop', 'machine learning']",63942.0,63942.0
data scientist,senior,hybrid,company_179,multi-location,Other,Technology,Private,150.0,1440000000.0,['amazon'],182668.0,214634.0
data sci,midlevel,remote,company_181,United States,United States,Technology,Public,1290.0,,"['tableau', 'sql', 'r', 'python']",90877.0,141566.0
data scientist,senior,hybrid,company_182,Asia,United States,Finance,Public,9920.0,,"['pandas', 'numpy', 'pytorch', 'scikit-learn', 'python', 'docker', 'scipy', 'sql', 'machine learning', 'deep learning', 'matplotlib', 'tensorflow']",15542.0,15542.0
data scientist,senior,hybrid,company_183,Europe,Europe,Technology,Private,3770.0,,"['pandas', 'numpy', 'spark', 'aws', 'scikit-learn', 'python', 'docker', 'airflow', 'sql', 'machine learning', 'deep learning']",61772.0,61772.0
data scientist,senior,on-site,company_184,United States,United States,Retail,Public,130040.0,5180000000.0,['machine learning'],137004.0,137004.0
data scientist,senior,,company_185,United States,United States,Technology,Public,97010.0,75000000000.0,"['pytorch', 'git', 'python', 'machine learning', 'keras', 'deep learning', 'tensorflow']",171892.0,257744.0
data scientist,senior,hybrid,company_186,United States,United States,Technology,Public,830.0,14480000000.0,"['database', 'sql', 'aws', 'python']",45674.0,105040.0
data scientist,midlevel,,company_192,United States,United States,Technology,Private,15.0,,"['amazon', 'spark', 'python', 'airflow', 'machine learning']",137007.0,
data scientist,senior,on-site,company_193,United States,United States,Energy,Public,35020.0,37860000000.0,"['powerbi', 'aws', 'r', 'python', 'sql', 'machine learning']",82201.0,82201.0
data scientist,,hybrid,company_196,United States,United States,Finance,Private,890.0,12430000000.0,[],158920.0,237831.0
data scientist,,on-site,company_197,Asia,United States,Technology,Private,180.0,913330000.0,[],,27409.0
data sci,lead,hybrid,company_199,United States,Canada,Technology,Public,19470.0,91700000000.0,"['java', 'sql', 'python']",109605.0,109605.0
data scientist,lead,hybrid,company_203,multi-location,United States,Technology,Private,1230.0,,[],199795.0,199795.0
data scientist,senior,on-site,company_207,United States,United States,Technology,Public,40060.0,55540000000.0,"['aws', 'python', 'linux', 'sql', 'gcp', 'hadoop']",94077.0,118737.0
data scientist,senior,,company_209,Asia,United States,Technology,Private,1270.0,913330000.0,"['spark', 'aws', 'python', 'sql', 'gcp', 'deep learning', 'tensorflow', 'tableau']",,639348.0
data analyst,midlevel,,company_211,Europe,Europe,Healthcare,Public,82020.0,,['python'],69047.0,69047.0
data scientist,senior,,company_212,United States,United States,Technology,Public,222500.0,,"['azure', 'aws', 'machine learning', 'python']",135179.0,135179.0
machine learning engineer,,on-site,company_215,multi-location,United States,Technology,Private,580.0,7070000000.0,[],200939.0,296838.0
data scientist,lead,hybrid,company_221,Asia,United States,Technology,Private,900.0,,"['spark', 'r', 'python', 'java', 'sql', 'machine learning']",19096.0,19096.0
data scientist,senior,,company_223,Other,United States,Technology,Public,10010.0,,"['spark', 'aws', 'r', 'python', 'machine learning', 'hadoop', 'deep learning']",99560.0,99560.0
data scientist,senior,hybrid,company_092,United States,Canada,Technology,Public,24030.0,,"['java', 'machine learning', 'r', 'python']",92838.0,172407.0
data scientist,,remote,company_225,Remote,United States,Retail,Private,12300.0,35970000000.0,[],137001.0,137001.0
data scientist,senior,on-site,company_226,Other,United States,Education,,9320.0,,"['deep learning', 'machine learning']",55196.0,77273.0
data scientist,senior,on-site,company_227,United States,United States,Healthcare,Public,24020.0,6340000000.0,"['pytorch', 'aws', 'r', 'python', 'docker', 'scikit-learn', 'sql', 'machine learning', 'gcp', 'deep learning', 'azure', 'tensorflow']",68685.0,100834.0
data scientist,senior,hybrid,company_052,Other,United States,Technology,Public,26910.0,53050000000.0,"['sql', 'r', 'python']",50222.0,50222.0
data scientist,midlevel,on-site,company_230,United States,United States,Healthcare,Public,49360.0,245390000000.0,[],137003.0,137003.0
data sci,senior,on-site,company_231,United States,United States,Healthcare,Public,78750.0,231030000000.0,"['machine learning', 'r', 'python']",124219.0,124219.0
data sci,senior,remote,company_233,United States,United States,Technology,Public,27450.0,,"['machine learning', 'r', 'python']",95586.0,
data scientist,lead,on-site,company_235,United States,United States,Finance,Private,33030.0,,"['spark', 'r', 'python', 'sql', 'machine learning', 'hadoop', 'deep learning']",137008.0,137008.0
data scientist,senior,remote,company_236,United States,United States,Technology,Private,30.0,,"['sql', 'machine learning', 'tableau', 'python']",137002.0,155268.0
data scientist,senior,,company_041,Canada,Europe,Healthcare,Public,93560.0,247180000000.0,"['gcp', 'git', 'r']",74130.0,74130.0
data scientist,senior,hybrid,company_241,Europe,Europe,Technology,Private,180.0,,"['pytorch', 'aws', 'scikit-learn', 'scipy', 'machine learning', 'gcp', 'azure', 'tensorflow']",95906.0,105039.0
data scientist,,on-site,company_243,United States,United States,Technology,Public,2820.0,,[],101149.0,110282.0
data scientist,senior,on-site,company_244,United States,United States,Finance,Public,290800.0,350170000000.0,"['pytorch', 'machine learning', 'tensorflow', 'python']",,196371.0
data scientist,midlevel,,company_246,United States,United States,Finance,Private,23320.0,,"['spark', 'python', 'docker', 'java', 'sql', 'machine learning', 'kubernetes', 'hadoop', 'deep learning']",173540.0,173540.0
data scientist,lead,,company_250,United States,Europe,Healthcare,Private,76020.0,,"['powerbi', 'r', 'python', 'scikit-learn', 'sql', 'machine learning', 'tensorflow', 'tableau']",171458.0,238990.0
data scientist,lead,hybrid,company_252,United States,United States,Healthcare,Private,500.0,1720000000.0,[],258704.0,
data sci,senior,,company_254,United States,United States,Healthcare,Public,2520.0,,"['powerbi', 'r', 'python', 'sql', 'database', 'hadoop', 'tableau']",63935.0,86768.0
data scientist,,on-site,company_255,United States,United States,Technology,Private,3760.0,913330000.0,[],123305.0,137005.0
data scientist,senior,on-site,company_256,United States,United States,Technology,Private,150.0,4100000000.0,"['sql', 'machine learning', 'r', 'python']",155274.0,155274.0
data scientist,senior,hybrid,company_257,United States,United States,Finance,Public,21050.0,383100000000.0,"['pytorch', 'spark', 'r', 'python', 'scikit-learn', 'machine learning', 'deep learning', 'tensorflow']",120561.0,192988.0
machine learning engineer,senior,hybrid,company_007,Canada,United States,Technology,Public,25940.0,33500000000.0,"['pytorch', 'machine learning', 'tensorflow', 'python']",59371.0,63938.0
data scientist,senior,on-site,company_261,United States,United States,Healthcare,Public,103540.0,162590000000.0,"['spark', 'r', 'python', 'scala', 'linux', 'java', 'hadoop', 'machine learning']",,79187.0
data scientist,senior,,company_183,Europe,Europe,Technology,Private,3780.0,,"['pandas', 'numpy', 'spark', 'aws', 'scikit-learn', 'python', 'airflow', 'machine learning']",98643.0,98643.0
data scientist,senior,,company_268,Asia,Asia,Finance,Public,30870.0,,"['pytorch', 'git', 'python', 'machine learning', 'tensorflow']",67044.0,67044.0
data scientist,senior,,company_269,multi-location,United States,Finance,Public,274280.0,277070000000.0,"['python', 'java', 'sql', 'hadoop', 'machine learning']",150707.0,224869.0
data scientist,lead,,company_270,United States,United States,Healthcare,Public,300070.0,121120000000.0,"['sql', 'python']",131706.0,
data scientist,midlevel,on-site,company_231,United States,United States,Healthcare,Public,78720.0,231130000000.0,"['aws', 'git', 'r', 'python', 'java', 'machine learning', 'database', 'azure', 'matplotlib']",115539.0,181846.0
data scientist,senior,on-site,company_273,United States,United States,Technology,Public,94540.0,230420000000.0,"['sql', 'machine learning', 'r', 'python']",,255734.0
data scientist,lead,hybrid,company_276,United States,United States,Technology,Private,360.0,3090000000.0,[],294100.0,294100.0
data scientist,,on-site,company_279,United States,United States,Technology,Private,500.0,,[],127874.0,155273.0
machine learning engineer,senior,,company_106,Asia,Europe,Logistics,Private,38130.0,34320000000.0,"['spark', 'aws', 'powerbi', 'python', 'docker', 'sql', 'machine learning', 'gcp', 'kubernetes', 'deep learning', 'azure']",26760.0,26760.0
data scientist,midlevel,remote,company_280,multi-location,United States,Technology,Private,60.0,,"['linux', 'machine learning', 'python']",109600.0,
data scientist,senior,remote,company_282,United States,United States,Healthcare,Public,28070.0,,"['git', 'r', 'python', 'bash', 'sql', 'machine learning', 'deep learning']",68501.0,14288053.0
data scientist,lead,hybrid,company_115,United States,Europe,Finance,Public,68430.0,,"['pandas', 'numpy', 'scikit-learn', 'python', 'sql', 'hadoop']",137002.0,137002.0
data sci,senior,,company_207,Asia,United States,Technology,Public,40050.0,55390000000.0,"['pytorch', 'r', 'python', 'sql', 'machine learning', 'deep learning', 'tensorflow', 'tableau']",24621.0,
data scientist,junior,,company_047,Asia,Asia,Technology,Public,222040.0,24210000000.0,"['deep learning', 'machine learning']",10055.0,
data scientist,senior,on-site,company_288,United States,United States,Technology,Public,26030.0,63090000000.0,"['aws', 'azure']",,114171.0
data sci,senior,,company_290,Asia,Europe,Finance,Public,68160.0,26630000000.0,"['powerbi', 'aws', 'python', 'sql', 'machine learning', 'tableau']",29949.0,41758.0
data scientist,senior,,company_291,Asia,Asia,Technology,Public,261060.0,70980000000.0,"['aws', 'r', 'python', 'sql', 'neural network', 'gcp', 'azure']",9583.0,9583.0
data scientist,senior,on-site,company_141,United States,United States,Technology,Public,108650.0,116880000000.0,['machine learning'],,68500.0
data scientist,senior,remote,company_293,Asia,Asia,Technology,Private,15440.0,10220000000.0,"['spark', 'python', 'sql', 'machine learning', 'deep learning', 'tensorflow']",36104.0,36104.0
data scientist,senior,hybrid,company_295,Canada,Canada,Technology,Private,31.0,,"['pandas', 'numpy', 'pytorch', 'aws', 'scikit-learn', 'python', 'sql', 'machine learning']",55906.0,55906.0
data scientist,midlevel,hybrid,company_296,United States,United States,Healthcare,Public,613.0,,"['machine learning', 'python']",81293.0,108937.0
data scientist,midlevel,on-site,company_166,Europe,Europe,Technology,Public,24820.0,173560000000.0,['python'],82373.0,82373.0
data scientist,senior,remote,company_298,United States,United States,Healthcare,Public,1020.0,,"['sql', 'azure', 'r', 'python']",88140.0,136089.0
data scientist,senior,,company_303,United States,United States,Technology,Public,11060.0,,"['aws', 'git', 'python', 'sql', 'gcp', 'machine learning']",114175.0,118741.0
data scientist,senior,on-site,company_034,United States,United States,Technology,Private,45.0,,"['sql', 'machine learning', 'r', 'python']",178100.0,210980.0
data scientist,senior,,company_305,Other,United States,Finance,Public,88990.0,132460000000.0,"['machine learning', 'python']",27403.0,27403.0
data scientist,midlevel,remote,company_306,multi-location,United States,Technology,Private,90.0,,"['sql', 'machine learning', 'r', 'python']",127871.0,178103.0
data scientist,senior,on-site,company_308,United States,United States,Technology,Public,182338.0,,"['sql', 'python']",171712.0,277840.0
data scientist,senior,,company_309,Asia,United States,Technology,Private,3540.0,,"['pytorch', 'aws', 'git', 'python', 'docker', 'gcp', 'azure', 'tensorflow']",19234.0,19234.0
data scientist,lead,on-site,company_310,Other,United States,Technology,Public,20070.0,,"['powerbi', 'tableau']",90697.0,90697.0
machine learning engineer,,on-site,company_312,multi-location,Canada,Technology,Private,31.0,,[],200939.0,296838.0
data scientist,senior,on-site,company_315,United States,United States,Technology,Public,212610.0,188010000000.0,"['pytorch', 'aws', 'r', 'python', 'docker', 'machine learning', 'kubernetes', 'deep learning', 'tensorflow']",99744.0,204046.0
data scientist,senior,on-site,company_316,Europe,United States,Healthcare,Public,37990.0,,"['sql', 'azure', 'python']",52987.0,52987.0
data scientist,lead,,company_251,United States,United States,Technology,Public,65120.0,,"['spark', 'aws', 'r', 'python', 'scala', 'java', 'sql', 'machine learning', 'hadoop', 'azure', 'tensorflow', 'tableau']",115086.0,115086.0
data scientist,senior,remote,company_318,United States,United States,Technology,Public,55070.0,14860000000.0,['machine learning'],100467.0,100467.0
machine learning engineer,senior,hybrid,company_008,United States,United States,Technology,Public,34690.0,81560000000.0,"['pandas', 'numpy', 'pytorch', 'spark', 'aws', 'scikit-learn', 'python', 'java', 'sql', 'machine learning', 'tensorflow']",125584.0,216003.0
data scientist,senior,on-site,company_324,United States,United States,Technology,Private,2540.0,3950000000.0,"['sql', 'machine learning', 'r', 'python']",137003.0,150703.0
data scientist,senior,remote,company_328,United States,United States,Technology,Public,14460.0,26530000000.0,"['sql', 'tableau']",118733.0,166226.0
data scientist,lead,on-site,company_336,United States,United States,Technology,Private,14040.0,,['machine learning'],195911.0,195911.0
data scientist,midlevel,remote,company_337,multi-location,United States,Finance,Public,7290.0,,"['r', 'python', 'sql', 'machine learning', 'database', 'deep learning']",131219.0,223067.0
data scientist,senior,remote,company_339,Remote,United States,Technology,Private,960.0,3040000000.0,[],164405.0,226054.0
data scientist,senior,hybrid,company_340,United States,United States,Technology,Private,750.0,,"['sql', 'machine learning', 'r', 'python']",112800.0,194405.0
data scientist,,on-site,company_341,United States,United States,Technology,Private,600.0,13850000000.0,[],127868.0,143851.0
data scientist,senior,,company_343,Europe,Europe,Finance,Public,60010.0,24780000000.0,"['machine learning', 'python']",59677.0,59677.0
data scientist,senior,on-site,company_201,United States,United States,Healthcare,Public,48050.0,25160000000.0,"['spark', 'python', 'scala', 'machine learning', 'database', 'azure', 'tableau']",102300.0,140660.0
data scientist,midlevel,on-site,company_352,Asia,United States,Technology,Private,12090.0,,"['amazon', 'r', 'python', 'java', 'database', 'hadoop', 'machine learning']",13173.0,13173.0
data sci,senior,remote,company_353,Remote,United States,Technology,Private,351.0,,[],164400.0,164400.0
data scientist,senior,on-site,company_355,United States,United States,Technology,Public,65870.0,130590000000.0,"['sql', 'r', 'python']",125223.0,216007.0
data scientist,senior,on-site,company_184,United States,United States,Retail,Public,130020.0,5180000000.0,['machine learning'],137000.0,137000.0
data scientist,senior,hybrid,company_357,multi-location,United States,Technology,Public,132060.0,142230000000.0,"['python', 'sql', 'machine learning', 'database', 'hadoop', 'deep learning']",92254.0,92254.0
data scientist,senior,,company_360,Asia,Asia,Finance,Private,78060.0,,"['pandas', 'numpy', 'pytorch', 'spark', 'aws', 'git', 'scikit-learn', 'python', 'docker', 'scipy', 'hadoop', 'machine learning', 'database', 'keras', 'deep learning', 'matplotlib', 'tensorflow']",12924.0,12924.0
data scientist,senior,remote,company_362,Remote,United States,Technology,Private,1890.0,9480000000.0,[],198198.0,277565.0
data scientist,senior,on-site,company_031,United States,United States,Healthcare,Public,128860.0,412870000000.0,"['aws', 'powerbi', 'r', 'python', 'airflow', 'machine learning', 'azure', 'tableau']",97046.0,131295.0
data scientist,senior,on-site,company_363,United States,United States,Technology,Public,24320.0,,"['pytorch', 'scikit-learn', 'python', 'scala', 'java', 'machine learning', 'tensorflow']",109328.0,203035.0
data scientist,lead,on-site,company_235,United States,United States,Finance,Private,33050.0,,"['spark', 'r', 'python', 'sql', 'machine learning', 'hadoop', 'deep learning']",137000.0,137000.0
data scientist,senior,,company_365,United States,United States,Technology,Private,420.0,,"['database', 'machine learning', 'python']",72666.0,159901.0
data scientist,lead,,company_366,United States,United States,Technology,Private,180.0,,"['pytorch', 'spark', 'aws', 'r', 'python', 'scikit-learn', 'scala', 'sql', 'machine learning', 'gcp', 'azure', 'tensorflow']",100472.0,146138.0
data scientist,senior,on-site,company_367,United States,United States,Technology,Private,420.0,,[],144307.0,
data scientist,senior,,company_185,United States,United States,Technology,Public,97070.0,75200000000.0,"['aws', 'gcp', 'azure']",125495.0,188149.0
machine learning engineer,senior,,company_371,United States,United States,Healthcare,Private,250.0,,"['pytorch', 'python', 'machine learning', 'deep learning', 'tensorflow']",190891.0,212811.0
data scientist,senior,hybrid,company_146,multi-location,United States,Finance,Private,780.0,11850000000.0,[],153447.0,210986.0
machine learning engineer,senior,on-site,company_178,United States,United States,Technology,Public,10100.0,36690000000.0,"['java', 'machine learning', 'r', 'python']",63941.0,63941.0
data scientist,,remote,company_112,Remote,United States,Technology,Private,420.0,4850000000.0,[],213594.0,213594.0
data scientist,senior,hybrid,company_382,United States,United States,Finance,Private,660.0,2030000000.0,"['aws', 'python', 'sql', 'machine learning', 'deep learning']",73068.0,91335.0
data scientist,,on-site,company_383,Europe,Europe,Technology,Private,3800.0,,[],46528.0,76222.0
data scientist,senior,on-site,company_071,United States,United States,Technology,Public,9020.0,,"['r', 'python', 'sql', 'hadoop', 'machine learning']",9140.0,9140.0
data scientist,senior,on-site,company_384,multi-location,United States,Technology,Public,3780.0,25210000000.0,"['sql', 'r', 'python']",,196370.0
machine learning engineer,,hybrid,company_387,United States,United States,Technology,Private,900.0,8620000000.0,[],144491.0,144491.0
data scientist,senior,remote,company_176,Remote,United States,Technology,Public,2780.0,,[],146050.0,230989.0
data scientist,senior,on-site,company_389,United States,United States,Technology,Public,3760.0,37490000000.0,['python'],181756.0,258932.0
data scientist,senior,remote,company_391,Remote,United States,Technology,Private,270.0,,[],132438.0,
data scientist,senior,on-site,company_392,United States,United States,Finance,Public,62010.0,35070000000.0,"['spark', 'aws', 'python', 'sql', 'machine learning', 'gcp', 'azure']",157017.0,263794.0
data scientist,midlevel,on-site,company_395,United States,United States,Retail,Public,55120.0,36180000000.0,"['spark', 'aws', 'r', 'python', 'scala', 'sql', 'database', 'machine learning']",121479.0,138650.0
data scientist,senior,on-site,company_316,Europe,United States,Healthcare,Public,37970.0,,"['machine learning', 'r', 'python']",57318.0,57318.0
data scientist,senior,on-site,company_367,United States,United States,Technology,Private,420.0,,[],216463.0,242949.0
data scientist,,hybrid,company_403,United States,United States,Retail,Public,17010.0,,[],130609.0,140656.0
data scientist,senior,,company_404,United States,United States,Technology,Public,8270.0,31370000000.0,"['aws', 'r', 'python', 'linux', 'sql', 'machine learning', 'deep learning', 'azure']",87412.0,139463.0
data sci,senior,remote,company_337,United States,United States,Finance,Public,7290.0,,"['r', 'python', 'sql', 'machine learning', 'database', 'deep learning']",89623.0,152356.0
machine learning engineer,midlevel,on-site,company_336,United States,United States,Technology,Private,14060.0,,"['deep learning', 'machine learning', 'r', 'python']",128871.0,239383.0
data scientist,senior,on-site,company_410,United States,United States,Technology,Private,320.0,,[],28130.0,28130.0
data sci,midlevel,on-site,company_411,United States,United States,Technology,Public,9770.0,,"['spark', 'aws', 'python', 'airflow', 'sql', 'gcp', 'machine learning']",130667.0,241897.0
data scientist,senior,on-site,company_412,United States,United States,Finance,Private,1280.0,,"['pandas', 'aws', 'scikit-learn', 'python', 'sql', 'machine learning', 'gcp', 'azure', 'matplotlib']",67682.0,101475.0
data scientist,senior,hybrid,company_414,Europe,United States,Technology,Public,351.0,,"['sql', 'aws', 'r', 'python']",91337.0,
data scientist,senior,hybrid,company_417,Asia,United States,Technology,Public,98130.0,167140000000.0,"['pandas', 'numpy', 'pytorch', 'aws', 'r', 'python', 'scikit-learn', 'scipy', 'sql', 'machine learning', 'deep learning', 'keras', 'azure', 'matplotlib', 'tensorflow', 'tableau']",32665.0,32665.0
data scientist,senior,remote,company_418,multi-location,United States,Finance,,2810.0,,"['tableau', 'sql', 'r', 'python']",88967.0,166051.0
data scientist,midlevel,remote,company_421,Other,United States,Technology,Private,,,"['sql', 'machine learning', 'python']",25212.0,25212.0
data scientist,senior,,company_422,United States,United States,Technology,Public,2520.0,,"['sql', 'r', 'python']",105439.0,105439.0
data scientist,senior,hybrid,company_423,United States,United States,Technology,Private,500.0,,[],,
data scientist,senior,remote,company_425,Europe,Europe,Technology,Private,5560.0,,"['spark', 'aws', 'powerbi', 'r', 'python', 'docker', 'linux', 'sql', 'azure', 'tableau']",,55995.0
data scientist,lead,hybrid,company_426,United States,United States,Technology,Private,126.0,,[],186327.0,
data sci,senior,hybrid,company_428,United States,United States,Technology,Private,45.0,,"['sql', 'python']",210073.0,251172.0
data sci,,hybrid,company_433,United States,Canada,Technology,Private,56.0,,[],36542.0,54809.0
data sci,senior,on-site,company_435,Canada,Canada,Finance,Private,45050.0,,"['machine learning', 'python']",94256.0,175359.0
data scientist,senior,,company_069,United States,United States,Technology,Private,210.0,,"['spark', 'aws', 'python', 'sql', 'machine learning', 'gcp', 'azure']",87407.0,87407.0
data sci,,on-site,company_438,United States,United States,Technology,Private,150.0,,[],154356.0,154356.0
data sci,senior,,company_440,United States,Europe,Technology,Public,1800.0,,"['aws', 'scikit-learn', 'python', 'sql', 'machine learning', 'deep learning', 'tensorflow']",109604.0,109604.0
data scientist,lead,,company_449,United States,United States,Technology,Private,1020.0,,"['tableau', 'sql', 'r', 'python']",141571.0,
data scientist,senior,on-site,company_450,United States,United States,Technology,Private,45.0,,[],89511.0,196370.0
data scientist,midlevel,remote,company_421,Other,United States,Technology,Private,,,"['sql', 'machine learning', 'python']",,25214.0
data scientist,midlevel,on-site,company_456,United States,United States,Healthcare,,55010.0,,[],115891.0,172882.0
data scientist,senior,,company_457,multi-location,United States,Technology,Private,420.0,,"['git', 'r', 'python', 'docker', 'sql', 'machine learning']",68504.0,84944.0
data scientist,midlevel,on-site,company_460,United States,United States,Retail,Public,7100.0,,"['aws', 'git', 'python', 'sql', 'machine learning']",122847.0,196370.0
data scientist,senior,on-site,company_211,Asia,Europe,Healthcare,Public,82030.0,,"['pytorch', 'python', 'docker', 'machine learning', 'kubernetes', 'deep learning', 'tensorflow']",27524.0,27524.0
data scientist,senior,on-site,company_438,United States,United States,Technology,Private,150.0,,[],151203.0,151203.0
data scientist,lead,hybrid,company_461,Asia,Canada,Finance,Private,7030.0,,"['aws', 'machine learning', 'gcp', 'azure', 'deep learning']",14064.0,14064.0
machine learning engineer,senior,on-site,company_465,United States,United States,Technology,Private,3570.0,,"['deep learning', 'aws', 'machine learning', 'python']",120104.0,200112.0
machine learning engineer,midlevel,on-site,company_025,United States,United States,Technology,Public,309170.0,,"['aws', 'gcp', 'azure']",146134.0,164401.0
data scientist,senior,,company_468,United States,United States,Energy,,12802.0,,"['git', 'r', 'python', 'sql', 'machine learning', 'database', 'deep learning']",114354.0,192992.0
,midlevel,,company_470,United States,United States,Education,,16011.0,,"['linux', 'python']",,68505.0
data scientist,senior,on-site,company_474,United States,United States,Technology,Private,5540.0,,"['amazon', 'pytorch', 'aws', 'python', 'java', 'machine learning', 'deep learning', 'keras', 'azure', 'tensorflow']",92252.0,
data scientist,senior,remote,company_475,United States,United States,Healthcare,Public,660.0,,"['pandas', 'numpy', 'git', 'r', 'python', 'scikit-learn', 'machine learning', 'matplotlib']",164408.0,211900.0
data scientist,,on-site,company_477,United States,United States,Technology,Private,310.0,,[],187241.0,187241.0
data sci,midlevel,hybrid,company_480,United States,United States,Healthcare,,4104.0,,"['pytorch', 'r', 'python', 'machine learning', 'deep learning', 'tensorflow']",75814.0,119654.0
data scientist,senior,on-site,company_482,United States,United States,Finance,Private,45070.0,,"['deep learning', 'machine learning']",109600.0,109600.0
data scientist,senior,hybrid,company_340,United States,United States,Technology,Private,750.0,,"['sql', 'machine learning', 'r', 'python']",112803.0,194408.0
data scientist,junior,on-site,company_484,United States,United States,Technology,Private,1050.0,,"['sql', 'machine learning', 'tableau']",81294.0,109607.0
data scientist,senior,remote,company_485,United States,United States,Technology,Private,550.0,,"['pytorch', 'scikit-learn', 'python', 'java', 'machine learning', 'tensorflow']",127869.0,164402.0
data scientist,senior,,company_486,Asia,United States,Technology,Private,1800.0,,"['pytorch', 'aws', 'python', 'docker', 'gcp', 'kubernetes', 'azure']",19988.0,19988.0
data scientist,senior,hybrid,company_313,Canada,Europe,Finance,Public,29480.0,,"['machine learning', 'python']",73457.0,73457.0
data scientist,senior,,company_488,United States,United States,Healthcare,,4310.0,,"['r', 'python', 'sql', 'machine learning', 'tableau']",138543.0,
data scientist,junior,hybrid,company_490,multi-location,United States,Technology,Public,83550.0,,"['sql', 'machine learning', 'r', 'python']",78825.0,142210.0
data scientist,midlevel,,company_268,Asia,Asia,Finance,Public,30830.0,,"['spark', 'git', 'python', 'sql', 'hadoop']",67044.0,67044.0
data scientist,lead,hybrid,company_499,United States,United States,Finance,Public,51750.0,,"['sql', 'kubernetes', 'machine learning', 'python']",109606.0,109606.0
data scientist,senior,hybrid,company_500,multi-location,United States,Technology,Private,75.0,,"['aws', 'database', 'sql', 'machine learning', 'gcp', 'kubernetes', 'deep learning', 'azure']",5940.0,8223.0
data scientist,midlevel,on-site,company_503,Other,Other,Technology,Private,7070.0,,[],28878.0,39713.0
data scientist,senior,,company_513,United States,Europe,Technology,Private,90.0,,"['spark', 'r', 'python', 'sql', 'machine learning']",146134.0,182667.0
data scientist,,remote,company_516,Remote,United States,Technology,Private,126.0,,[],127874.0,141573.0
data scientist,lead,remote,company_517,Remote,United States,Technology,Private,750.0,,[],255738.0,255738.0
data scientist,senior,,company_521,multi-location,United States,Technology,Private,524.0,,"['pandas', 'sql', 'python']",114175.0,
data scientist,senior,remote,company_523,United States,United States,Healthcare,Public,6470.0,,"['pandas', 'numpy', 'aws', 'scikit-learn', 'python', 'scipy', 'database', 'matplotlib']",82480.0,137371.0
data scientist,senior,on-site,company_524,United States,United States,Technology,Private,8520.0,,"['amazon', 'azure', 'machine learning']",97168.0,
data scientist,senior,,company_527,United States,Europe,Healthcare,Public,55215.0,,['deep learning'],131088.0,131088.0
machine learning engineer,,hybrid,company_532,United States,United States,Technology,Private,180.0,,[],173536.0,
data scientist,senior,remote,company_540,Remote,United States,Technology,Private,45.0,,[],118741.0,118741.0
data scientist,lead,hybrid,company_544,United States,United States,Finance,Private,55070.0,,"['linux', 'aws', 'r', 'python']",100470.0,137003.0
data scientist,senior,on-site,company_545,United States,United States,Healthcare,Public,35050.0,,['tableau'],138373.0,202945.0
machine learning engineer,senior,hybrid,company_546,United States,United States,Retail,Public,2010.0,,"['pytorch', 'spark', 'python', 'scala', 'sql', 'machine learning', 'deep learning', 'tensorflow']",172567.0,244914.0
data scientist,senior,hybrid,company_549,United States,United States,Technology,Private,600.0,,"['pandas', 'numpy', 'pytorch', 'spark', 'aws', 'python', 'machine learning', 'gcp', 'deep learning', 'azure', 'matplotlib', 'tensorflow']",205499.0,273999.0
data scientist,senior,on-site,company_551,Asia,Canada,Technology,Private,1310.0,,"['powerbi', 'python', 'sql', 'machine learning', 'deep learning', 'matplotlib', 'tableau']",15667.0,15667.0
data scientist,,remote,company_019,Remote,United States,Technology,Private,126.0,,[],155272.0,155272.0
data scientist,lead,on-site,company_555,United States,United States,Finance,Public,3040.0,,"['sql', 'machine learning', 'r', 'python']",,141571.0
data scientist,senior,hybrid,company_558,United States,United States,Finance,Private,60640.0,,"['r', 'python', 'machine learning', 'keras', 'deep learning', 'tensorflow']",109605.0,
data scientist,lead,remote,company_155,United States,United States,Technology,Public,2570.0,,"['aws', 'scikit-learn', 'python', 'sql', 'machine learning', 'tensorflow']",146135.0,182668.0
data scientist,senior,remote,company_564,Remote,United States,Technology,Private,300.0,,[],168061.0,192721.0
data scientist,senior,on-site,company_568,multi-location,United States,Finance,Public,18030.0,,"['sql', 'r', 'python']",115085.0,126958.0
data scientist,senior,remote,company_572,Remote,United States,Technology,Private,45.0,,[],155269.0,178102.0
data scientist,midlevel,on-site,company_574,United States,United States,Technology,Private,43933.0,,[],52518.0,97271.0
data sci,senior,on-site,company_577,United States,United States,Technology,Private,126.0,,"['pytorch', 'aws', 'r', 'python', 'docker', 'scikit-learn', 'machine learning', 'gcp', 'deep learning', 'azure', 'matplotlib', 'tensorflow']",147049.0,185363.0
data scientist,midlevel,on-site,company_579,United States,United States,Education,,39879.0,,"['sql', 'machine learning', 'r', 'python']",91339.0,109605.0
data scientist,lead,on-site,company_412,United States,United States,Finance,Private,1320.0,,"['pytorch', 'aws', 'python', 'sql', 'machine learning', 'gcp', 'azure', 'tensorflow']",112348.0,168609.0
data scientist,senior,hybrid,company_500,multi-location,United States,Technology,Private,75.0,,"['aws', 'database', 'sql', 'machine learning', 'gcp', 'kubernetes', 'deep learning', 'azure']",5939.0,8222.0
data scientist,senior,remote,company_587,United States,United States,Healthcare,Private,490.0,,"['pandas', 'numpy', 'aws', 'git', 'scikit-learn', 'python', 'sql', 'gcp', 'database', 'machine learning']",91336.0,109602.0
machine learning engineer,senior,remote,company_589,Remote,United States,Technology,Public,990.0,,[],197190.0,236660.0
data scientist,senior,hybrid,company_590,multi-location,United States,Healthcare,Private,45.0,,[],159834.0,205500.0
data scientist,senior,hybrid,company_591,multi-location,United States,Healthcare,Private,420.0,,"['sql', 'machine learning', 'scikit-learn', 'python']",95901.0,123301.0
data scientist,senior,hybrid,company_145,United States,United States,Technology,Public,2760.0,,[],200937.0,
data scientist,senior,on-site,company_596,United States,United States,Healthcare,Public,4040.0,,"['r', 'python', 'scala', 'sql', 'gcp']",129513.0,215914.0
data scientist,lead,,company_598,Other,United States,Education,,9030.0,,"['sql', 'machine learning', 'python']",182667.0,182667.0
data scientist,midlevel,,company_601,Asia,Europe,Finance,Public,205350.0,,"['scikit-learn', 'python', 'sql', 'database', 'machine learning']",30455.0,30455.0
data scientist,junior,,company_603,Asia,Asia,Education,,210.0,,"['tableau', 'r', 'python']",54802.0,54802.0
data scientist,midlevel,remote,company_472,United States,United States,Healthcare,Private,3810.0,,"['aws', 'r', 'python', 'sql', 'machine learning']",59552.0,138317.0
data scientist,senior,hybrid,company_607,United States,United States,Healthcare,Private,683.0,,[],120568.0,134268.0
data scientist,senior,hybrid,company_608,Europe,Europe,Technology,Private,8350.0,,"['scala', 'spark', 'machine learning', 'python']",86270.0,119421.0
data sci,lead,hybrid,company_609,multi-location,United States,Technology,Public,4770.0,,"['pandas', 'numpy', 'pytorch', 'spark', 'aws', 'git', 'r', 'python', 'scikit-learn', 'sql', 'machine learning', 'keras', 'azure', 'tensorflow']",119819.0,178753.0
data scientist,senior,hybrid,company_610,United States,United States,Technology,Private,51270.0,,"['git', 'r', 'python', 'sql', 'machine learning', 'deep learning']",83821.0,83821.0
data scientist,senior,remote,company_611,Remote,United States,Technology,Public,2540.0,,[],137006.0,200939.0
data scientist,senior,,company_614,Other,United States,Technology,Private,10270.0,,"['amazon', 'pytorch', 'python', 'machine learning', 'deep learning', 'tensorflow']",65768.0,65768.0
data scientist,lead,remote,company_615,Remote,United States,Healthcare,Private,180.0,,[],173536.0,200936.0
data sci,,on-site,company_383,Europe,Europe,Technology,Private,3780.0,,[],46527.0,76221.0
data scientist,,hybrid,company_624,Other,Europe,Technology,Private,180.0,,[],39254.0,
data scientist,senior,remote,company_625,Remote,United States,Energy,Private,90.0,,[],,168972.0
data scientist,midlevel,on-site,company_631,United States,United States,Technology,Public,9300.0,,"['spark', 'aws', 'python', 'airflow', 'sql', 'gcp', 'machine learning']",130666.0,241896.0
data scientist,midlevel,on-site,company_634,United States,Europe,Healthcare,Public,106370.0,,"['machine learning', 'r', 'python']",124333.0,207218.0
data scientist,senior,hybrid,company_423,United States,United States,Technology,Private,500.0,,[],109603.0,118736.0
data scientist,lead,on-site,company_057,United States,United States,Retail,Public,157150.0,,"['python', 'sql', 'machine learning', 'azure', 'tableau']",120567.0,120567.0
data scientist,senior,remote,company_638,United States,United States,Technology,Private,960.0,,"['spark', 'aws', 'git', 'r', 'python', 'powerbi', 'scala', 'java', 'sql', 'machine learning', 'gcp', 'hadoop', 'azure', 'matplotlib', 'tableau']",109600.0,118733.0
data scientist,lead,on-site,company_640,United States,United States,Retail,Public,50040.0,,"['pytorch', 'spark', 'python', 'machine learning', 'deep learning', 'azure', 'tensorflow']",86958.0,86958.0
data scientist,senior,remote,company_642,Remote,United States,Healthcare,Private,360.0,,[],109606.0,146139.0
data scientist,senior,hybrid,company_643,United States,United States,Healthcare,Private,751.0,,"['sql', 'machine learning', 'r', 'python']",103871.0,103871.0
data scientist,senior,remote,company_647,Asia,Europe,Technology,Private,900.0,,[],39026.0,
machine learning engineer,senior,on-site,company_653,United States,United States,Technology,Private,1040.0,,"['pytorch', 'scikit-learn', 'machine learning', 'tensorflow']",109608.0,127875.0
data sci,senior,hybrid,company_654,United States,United States,Technology,Private,780.0,,[],146135.0,196368.0
data scientist,senior,,company_254,United States,United States,Healthcare,Public,2540.0,,"['powerbi', 'r', 'python', 'sql', 'database', 'hadoop', 'tableau']",63942.0,86775.0
data scientist,senior,on-site,company_662,United States,United States,Technology,Private,600.0,,[],147968.0,147968.0
data scientist,,on-site,company_665,United States,United States,Technology,Private,45.0,,[],159835.0,182668.0
data sci,senior,,company_666,Asia,Asia,Technology,,6040.0,,['database'],80624.0,80624.0
data scientist,lead,on-site,company_668,multi-location,United States,Technology,Private,420.0,,[],218288.0,218288.0
data scientist,,on-site,company_670,United States,United States,Technology,Private,57.0,,[],45667.0,264871.0
data sci,senior,remote,company_675,Remote,United States,Technology,Private,45.0,,[],141574.0,182674.0
data sci,senior,hybrid,company_216,United States,United States,Technology,Public,3050.0,,"['pytorch', 'aws', 'scikit-learn', 'python', 'sql', 'machine learning', 'deep learning', 'tensorflow']",130609.0,209155.0
data scientist,senior,,company_678,United States,United States,Technology,Private,5060.0,,[],60287.0,96820.0
data scientist,senior,on-site,company_680,United States,United States,Technology,Private,2300.0,,"['git', 'r', 'python', 'sql', 'machine learning']",91334.0,109600.0
data scientist,senior,,company_678,United States,United States,Technology,Private,5030.0,,"['spark', 'aws', 'r', 'python', 'scala', 'java', 'sql', 'machine learning', 'hadoop', 'azure', 'tableau']",160753.0,257566.0
data scientist,lead,,company_685,United States,United States,Technology,Private,2060.0,,"['spark', 'aws', 'python', 'sql', 'machine learning']",,125307.0
data scientist,senior,on-site,company_689,United States,United States,Retail,Public,4760.0,,"['spark', 'aws', 'r', 'python', 'scala', 'sql', 'machine learning', 'gcp', 'deep learning', 'hadoop', 'azure', 'tableau']",94111.0,161332.0
data scientist,lead,,company_488,United States,United States,Healthcare,,4270.0,,"['r', 'python', 'sql', 'machine learning', 'tableau']",149604.0,182849.0
data scientist,senior,hybrid,company_690,United States,United States,Healthcare,Public,22030.0,,"['machine learning', 'r', 'python']",146393.0,178925.0
data scientist,senior,,company_694,United States,United States,Finance,Private,90.0,,"['amazon', 'machine learning']",200936.0,
data scientist,senior,hybrid,company_697,United States,United States,Technology,Private,330.0,,"['pandas', 'numpy', 'aws', 'r', 'python', 'scikit-learn', 'airflow', 'sql', 'machine learning', 'gcp', 'azure', 'matplotlib', 'tableau']",109606.0,146139.0
data scientist,senior,hybrid,company_521,United States,United States,Technology,Private,524.0,,"['sql', 'machine learning', 'python']",164408.0,182674.0
data sci,junior,remote,company_702,United States,United States,Healthcare,,2840.0,,"['machine learning', 'r', 'python']",,43700.0
data scientist,lead,,company_704,Europe,Europe,Energy,Private,13070.0,,"['sql', 'git', 'r', 'python']",29498.0,29498.0
data scientist,,on-site,company_705,United States,United States,Technology,Private,90.0,,[],131528.0,175367.0
data sci,lead,hybrid,company_706,United States,United States,Technology,Private,150.0,,[],104128.0,192721.0
data scientist,,hybrid,company_708,United States,United States,Technology,Private,45.0,,[],118739.0,155272.0
data scientist,senior,hybrid,company_709,United States,United States,Manufacturing,Private,420.0,,[],156187.0,156187.0
data scientist,senior,remote,company_714,Remote,United States,Technology,Private,210.0,,[],200936.0,200936.0
data scientist,lead,remote,company_718,United States,United States,Finance,Public,26010.0,,"['aws', 'r', 'python', 'scikit-learn', 'sql', 'machine learning', 'database', 'deep learning', 'tensorflow']",90424.0,90424.0
data scientist,junior,on-site,company_723,United States,United States,Finance,Private,3790.0,,"['pandas', 'spark', 'r', 'python', 'scikit-learn', 'sql', 'gcp', 'machine learning', 'tensorflow', 'tableau']",182667.0,182667.0
data scientist,lead,,company_727,United States,United States,Retail,Private,14460.0,,[],100473.0,100473.0
data scientist,lead,hybrid,company_728,United States,United States,Technology,Private,150.0,,[],237468.0,237468.0
data scientist,senior,on-site,company_737,United States,United States,Technology,Public,1780.0,,"['pytorch', 'aws', 'r', 'python', 'sql', 'machine learning', 'database', 'deep learning', 'tensorflow']",114170.0,114170.0
data scientist,senior,,company_738,United States,United States,Finance,Private,700.0,,"['amazon', 'spark', 'git', 'r', 'python', 'linux', 'java', 'sql', 'machine learning', 'database', 'azure']",189518.0,
data scientist,senior,hybrid,company_742,United States,United States,Retail,Public,1800.0,,"['amazon', 'r', 'python', 'sql', 'machine learning']",68501.0,73068.0
data scientist,senior,on-site,company_744,multi-location,United States,Finance,Public,3780.0,,"['aws', 'r', 'python', 'sql', 'machine learning', 'azure']",81237.0,150867.0
data sci,midlevel,on-site,company_745,Other,United States,Technology,Private,300.0,,"['pandas', 'numpy', 'pytorch', 'aws', 'scikit-learn', 'python', 'tensorflow']",78551.0,139744.0
data scientist,senior,on-site,company_746,United States,United States,Technology,Private,90.0,,"['sql', 'machine learning', 'r', 'python']",95906.0,114173.0
data sci,,,company_754,United States,United States,Healthcare,Public,2320.0,,[],38730.0,61967.0
data scientist,senior,remote,company_757,United States,United States,Finance,Private,226.0,,"['sql', 'python']",150707.0,200940.0
data scientist,senior,on-site,company_759,United States,United States,Technology,Public,34020.0,,"['pandas', 'pytorch', 'aws', 'r', 'python', 'linux', 'java', 'machine learning', 'gcp', 'deep learning', 'azure', 'tensorflow']",164406.0,164406.0
data scientist,senior,,company_762,United States,United States,Retail,Private,70060.0,,"['pandas', 'numpy', 'pytorch', 'r', 'python', 'sql', 'machine learning', 'azure', 'tensorflow']",115541.0,115541.0
data scientist,senior,,company_763,Asia,United States,Technology,Public,26670.0,,"['pytorch', 'deep learning', 'machine learning', 'python']",18675.0,18675.0
data scientist,senior,on-site,company_555,United States,United States,Finance,Public,3060.0,,"['kubernetes', 'machine learning', 'python']",141570.0,141570.0
machine learning engineer,,hybrid,company_770,United States,United States,Energy,Private,1910.0,,[],109607.0,
data scientist,senior,hybrid,company_145,United States,United States,Technology,Public,2760.0,,[],120566.0,231992.0
data scientist,senior,on-site,company_774,multi-location,United States,Technology,Private,25090.0,,"['powerbi', 'r', 'python', 'java', 'sql', 'machine learning', 'tableau']",100469.0,210068.0
data scientist,senior,,company_780,United States,United States,Healthcare,Private,5674.0,,"['pandas', 'git', 'r', 'python', 'keras', 'machine learning']",95356.0,163460.0
data scientist,senior,,company_781,United States,United States,Technology,Public,96050.0,,"['machine learning', 'r', 'python']",95902.0,95902.0
data sci,senior,hybrid,company_782,Europe,United States,Manufacturing,Private,300.0,,[],62797.0,72216.0
data scientist,senior,hybrid,company_785,United States,United States,Technology,Private,5780.0,,"['pytorch', 'spark', 'scikit-learn', 'python', 'sql', 'machine learning', 'tensorflow']",112343.0,225595.0
data scientist,senior,hybrid,company_786,United States,United States,Retail,Public,74020.0,,"['aws', 'python', 'scala', 'java', 'gcp', 'machine learning']",147962.0,
data scientist,senior,on-site,company_793,United States,United States,Education,,12609.0,,['machine learning'],74793.0,
data scientist,senior,on-site,company_795,multi-location,United States,Technology,Private,3550.0,,"['scikit-learn', 'python']",52067.0,52067.0
data scientist,senior,on-site,company_796,United States,United States,Technology,Private,150.0,,"['machine learning', 'python']",39797.0,87544.0
data scientist,senior,on-site,company_797,Canada,Canada,Retail,Public,20600.0,,"['git', 'python', 'airflow', 'sql', 'machine learning', 'hadoop', 'azure']",59210.0,
data scientist,senior,,company_800,United States,United States,Technology,Public,10040.0,,"['spark', 'aws', 'git', 'python', 'docker', 'airflow', 'sql', 'machine learning', 'tableau']",77313.0,96639.0
data sci,senior,,company_804,multi-location,United States,Technology,Public,2550.0,,"['deep learning', 'machine learning', 'python']",118733.0,118733.0
data scientist,senior,hybrid,company_807,United States,United States,Healthcare,,1570.0,,"['r', 'python', 'java', 'sql', 'machine learning', 'database', 'deep learning', 'tableau']",76471.0,101121.0
data scientist,senior,on-site,company_226,United States,United States,Education,,9260.0,,['machine learning'],64121.0,96177.0
data scientist,midlevel,on-site,company_796,United States,United States,Technology,Private,150.0,,"['machine learning', 'python']",55940.0,123063.0
data scientist,senior,hybrid,company_662,United States,United States,Technology,Private,600.0,,[],195456.0,195456.0
data scientist,,on-site,company_445,United States,United States,Technology,Public,2270.0,,[],94264.0,172810.0
data scientist,lead,hybrid,company_814,United States,United States,Logistics,Private,1260.0,,[],182673.0,274006.0
data scientist,senior,on-site,company_816,United States,United States,Retail,Public,117030.0,,"['aws', 'python', 'machine learning', 'azure', 'deep learning', 'tableau']",144893.0,161660.0
data scientist,senior,hybrid,company_817,United States,United States,Education,,3510.0,,"['pandas', 'aws', 'r', 'python', 'scikit-learn', 'sql', 'machine learning', 'gcp', 'azure']",137003.0,148876.0
data scientist,junior,,company_819,United States,United States,Finance,,600.0,,"['pandas', 'numpy', 'pytorch', 'aws', 'r', 'python', 'scikit-learn', 'sql', 'machine learning', 'gcp', 'deep learning', 'azure', 'tensorflow', 'tableau']",86771.0,114171.0
data scientist,senior,hybrid,company_706,United States,United States,Technology,Private,150.0,,[],121476.0,225595.0
data scientist,senior,,company_738,United States,United States,Finance,Private,700.0,,"['amazon', 'spark', 'git', 'r', 'python', 'linux', 'java', 'sql', 'machine learning', 'database', 'azure']",189520.0,205503.0
data scientist,senior,remote,company_825,multi-location,United States,Technology,Private,210.0,,[],144750.0,229724.0
data scientist,senior,remote,company_832,United States,United States,Healthcare,,120010.0,,"['r', 'python', 'scala', 'sql', 'machine learning', 'database', 'azure', 'tableau']",159835.0,159835.0
data scientist,lead,,company_047,Asia,Asia,Technology,Public,222040.0,24460000000.0,"['deep learning', 'machine learning']",10053.0,10053.0
data scientist,senior,hybrid,company_833,multi-location,Canada,Technology,Private,98.0,,[],118741.0,
machine learning engineer,senior,on-site,company_065,Canada,United States,Technology,Private,26030.0,,"['pytorch', 'spark', 'aws', 'database', 'sql', 'machine learning', 'deep learning', 'azure', 'tensorflow']",137008.0,173541.0
machine learning engineer,senior,hybrid,company_836,Europe,United States,Technology,Private,630.0,1270000000.0,[],98012.0,98012.0
data scientist,senior,on-site,company_316,Asia,United States,Healthcare,Public,37960.0,,"['spark', 'aws', 'python', 'sql', 'machine learning', 'deep learning', 'azure']",29797.0,32901.0
data scientist,senior,hybrid,company_662,United States,United States,Technology,Private,600.0,,[],220119.0,220119.0
data scientist,senior,,company_837,United States,Europe,Energy,Public,12270.0,36930000000.0,"['git', 'r', 'python', 'sql', 'azure']",126957.0,149790.0
machine learning engineer,senior,hybrid,company_690,United States,United States,Healthcare,Public,22060.0,,"['pytorch', 'aws', 'python', 'machine learning', 'deep learning']",108761.0,132929.0
data sci,lead,on-site,company_184,United States,United States,Retail,Public,130040.0,5230000000.0,"['sql', 'machine learning', 'r', 'python']",137000.0,137000.0
data scientist,senior,on-site,company_015,United States,United States,Technology,Public,900.0,,"['pandas', 'numpy', 'pytorch', 'aws', 'scikit-learn', 'python', 'scipy', 'sql', 'machine learning', 'gcp', 'azure', 'tensorflow']",121475.0,132435.0
data scientist,senior,on-site,company_134,United States,United States,Retail,Public,865436.0,832810000000.0,"['amazon', 'aws', 'r', 'python', 'sql', 'machine learning', 'tableau']",155268.0,177188.0
data scientist,senior,on-site,company_763,United States,United States,Technology,Public,26630.0,,"['pytorch', 'python', 'machine learning', 'keras', 'deep learning', 'tensorflow']",118737.0,168970.0
data scientist,midlevel,on-site,company_269,Asia,United States,Finance,Public,274280.0,276820000000.0,"['hadoop', 'git', 'gcp', 'python']",20926.0,20926.0
data scientist,senior,remote,company_832,United States,United States,Healthcare,,120040.0,,"['r', 'python', 'scala', 'sql', 'machine learning', 'database', 'azure', 'tableau']",159834.0,
data scientist,senior,remote,company_141,United States,United States,Technology,Public,108650.0,117130000000.0,['machine learning'],100474.0,132440.0
data scientist,senior,,company_250,United States,Europe,Healthcare,Private,76010.0,,"['amazon', 'aws']",1.0,99994.0
data scientist,senior,hybrid,company_840,multi-location,Europe,Healthcare,Private,240.0,,[],124220.0,168060.0
data scientist,senior,,company_844,United States,United States,Technology,Public,17040.0,94590000000.0,"['r', 'python', 'sql', 'machine learning', 'tableau']",168973.0,168973.0
data scientist,,remote,company_845,Remote,United States,Finance,Private,457.0,,[],115085.0,
data scientist,lead,hybrid,company_846,Other,United States,Energy,Private,240.0,,[],118740.0,155273.0
data scientist,senior,hybrid,company_313,multi-location,Europe,Finance,Public,29490.0,,"['machine learning', 'python']",73454.0,73454.0
data scientist,midlevel,,company_233,United States,United States,Technology,Public,27420.0,,"['git', 'r', 'python', 'docker', 'linux', 'java', 'sql', 'database', 'deep learning']",81926.0,148097.0
data scientist,senior,remote,company_572,Remote,United States,Technology,Private,45.0,,[],155266.0,
data scientist,senior,on-site,company_355,multi-location,United States,Technology,Public,65810.0,130590000000.0,"['sql', 'r', 'python']",125226.0,216010.0
data scientist,senior,hybrid,company_848,United States,Europe,Healthcare,Public,107710.0,161050000000.0,['python'],79461.0,
data scientist,midlevel,on-site,company_231,United States,United States,Healthcare,Public,78700.0,231130000000.0,"['machine learning', 'r', 'python']",157737.0,248339.0
data sci,senior,hybrid,company_182,Asia,United States,Finance,Public,9900.0,,"['python', 'neural network', 'sql', 'machine learning', 'deep learning']",15539.0,15539.0
data scientist,midlevel,on-site,company_288,United States,United States,Technology,Public,26060.0,62890000000.0,['python'],146141.0,182673.0
data scientist,midlevel,hybrid,company_793,United States,United States,Education,,12659.0,,"['database', 'sql', 'r', 'python']",44521.0,59359.0
data scientist,senior,on-site,company_445,United States,United States,Technology,Public,2300.0,,[],151799.0,278294.0
data scientist,,hybrid,company_851,Asia,United States,Technology,Private,3570.0,,[],34569.0,34569.0
data scientist,senior,,company_166,Europe,Europe,Technology,Public,24800.0,173510000000.0,[],82367.0,82367.0
data scientist,senior,,company_852,United States,United States,Retail,Private,23910.0,,"['spark', 'r', 'python', 'docker', 'scala', 'java', 'sql', 'machine learning', 'kubernetes', 'deep learning', 'tensorflow']",130610.0,130610.0
data scientist,lead,on-site,company_420,Other,Asia,Technology,Private,4570.0,,[],54267.0,54267.0
data scientist,senior,,company_308,Asia,United States,Technology,Public,182288.0,,"['pytorch', 'spark', 'r', 'python', 'scikit-learn', 'scala', 'machine learning', 'deep learning', 'hadoop', 'azure', 'tensorflow']",48604.0,
data scientist,senior,remote,company_037,United States,United States,Finance,Private,300.0,,[],167139.0,167139.0
data scientist,lead,hybrid,company_851,Asia,United States,Technology,Private,3560.0,,[],34568.0,34568.0
data scientist,senior,,company_694,United States,United States,Finance,Private,90.0,,"['amazon', 'machine learning']",200936.0,264868.0
data scientist,lead,remote,company_859,Europe,Europe,Technology,Private,1530.0,4360000000.0,[],86767.0,105033.0
data scientist,senior,,company_116,United States,United States,Technology,Public,187570.0,51830000000.0,"['pandas', 'numpy', 'pytorch', 'git', 'r', 'python', 'scikit-learn', 'sql', 'gcp', 'machine learning', 'tensorflow', 'tableau']",107773.0,16584243.0
data scientist,senior,,company_861,United States,United States,Technology,Public,4780.0,,['machine learning'],114172.0,114172.0
data scientist,senior,on-site,company_864,United States,United States,Retail,Public,11020.0,,"['pandas', 'amazon', 'powerbi', 'git', 'r', 'python', 'scipy', 'sql', 'machine learning', 'database', 'azure', 'matplotlib', 'tableau']",101079.0,157680.0
data scientist,senior,on-site,company_705,United States,United States,Technology,Private,90.0,,[],155269.0,189976.0
data scientist,senior,hybrid,company_667,multi-location,United States,Technology,Private,2810.0,,[],226506.0,226506.0
data scientist,senior,hybrid,company_083,Europe,Europe,Technology,Private,263610.0,25510000000.0,"['pandas', 'numpy', 'aws', 'r', 'python', 'scikit-learn', 'machine learning', 'gcp', 'deep learning', 'azure', 'matplotlib']",0.0,32158.0
data scientist,senior,hybrid,company_870,multi-location,United States,Technology,Private,420.0,,[],159841.0,205507.0
data scientist,lead,on-site,company_235,United States,United States,Finance,Private,33010.0,,"['r', 'python', 'sql', 'database', 'machine learning']",150499.0,
data scientist,lead,on-site,company_871,United States,United States,Technology,Private,45.0,,"['pytorch', 'aws', 'machine learning', 'azure', 'deep learning', 'tensorflow']",164407.0,191806.0
data scientist,senior,on-site,company_185,United States,United States,Technology,Public,97070.0,75050000000.0,"['pandas', 'numpy', 'python', 'sql', 'database', 'matplotlib', 'tableau']",158745.0,197653.0
data scientist,junior,,company_152,United States,United States,Finance,Public,53700.0,19700000000.0,"['sql', 'machine learning', 'r', 'python']",125135.0,125135.0
data scientist,senior,on-site,company_873,United States,United States,Technology,Private,75.0,,[],146140.0,219206.0
data scientist,midlevel,,company_781,Europe,United States,Technology,Public,96040.0,,"['spark', 'r', 'python', 'sql', 'machine learning']",95906.0,95906.0
data scientist,senior,on-site,company_422,United States,United States,Technology,Public,2520.0,,"['amazon', 'r', 'python', 'sql', 'database', 'machine learning', 'tableau']",75957.0,108508.0
data scientist,midlevel,,company_875,United States,United States,Healthcare,Public,3570.0,,"['sql', 'r', 'python']",150270.0,224665.0
data sci,midlevel,on-site,company_878,multi-location,United States,Technology,Public,21310.0,144620000000.0,"['spark', 'python', 'sql', 'hadoop', 'machine learning']",99560.0,175732.0
data sci,senior,,company_879,Europe,United States,Finance,Public,123020.0,,"['pandas', 'numpy', 'pytorch', 'aws', 'scikit-learn', 'python', 'docker', 'sql', 'machine learning', 'kubernetes', 'azure', 'tensorflow']",41559.0,41559.0
data scientist,senior,on-site,company_880,United States,United States,Retail,Public,27030.0,,"['aws', 'scikit-learn', 'python', 'sql', 'machine learning', 'gcp', 'azure']",94812.0,142214.0
data scientist,,hybrid,company_403,United States,United States,Retail,Public,17040.0,,[],110516.0,120563.0
data scientist,senior,,company_603,Asia,Asia,Education,,210.0,,"['neural network', 'machine learning', 'r', 'python']",54804.0,54804.0
machine learning engineer,senior,on-site,company_883,United States,Europe,Technology,Public,117800.0,104160000000.0,"['pytorch', 'machine learning', 'database', 'deep learning', 'tensorflow']",114167.0,127867.0
data scientist,lead,remote,company_236,Canada,United States,Technology,Private,30.0,,"['sql', 'machine learning']",200938.0,246604.0
data scientist,senior,hybrid,company_032,United States,Asia,Technology,Public,110020.0,84890000000.0,"['pandas', 'numpy', 'scikit-learn', 'python', 'sql', 'machine learning', 'deep learning']",149700.0,224593.0
data scientist,midlevel,hybrid,company_061,Europe,Europe,Technology,Public,1310.0,,"['airflow', 'spark', 'machine learning', 'python']",,54805.0
data scientist,senior,,company_366,United States,United States,Technology,Private,180.0,,"['spark', 'aws', 'python', 'sql', 'machine learning', 'gcp', 'azure']",73072.0,73072.0
data scientist,senior,,company_291,Asia,Asia,Technology,Public,261040.0,71080000000.0,"['aws', 'r', 'python', 'sql', 'neural network', 'gcp', 'azure']",9585.0,
data scientist,senior,hybrid,company_309,United States,United States,Technology,Private,3510.0,,"['pandas', 'pytorch', 'aws', 'r', 'python', 'sql', 'machine learning', 'deep learning']",137008.0,150708.0
data scientist,senior,hybrid,company_885,United States,United States,Technology,,1060.0,,"['sql', 'r', 'python']",130245.0,203539.0
machine learning engineer,senior,,company_889,United States,United States,Energy,Public,6160.0,,"['spark', 'python', 'scala', 'java', 'airflow', 'gcp', 'machine learning', 'tensorflow']",187238.0,
machine learning engineer,,on-site,company_312,multi-location,Canada,Technology,Private,31.0,,[],200936.0,296835.0
data scientist,senior,on-site,company_744,multi-location,United States,Finance,Public,3790.0,,"['aws', 'r', 'python', 'sql', 'machine learning', 'azure']",81245.0,150875.0
data sci,senior,,company_894,United States,United States,Technology,Private,510.0,,['machine learning'],100473.0,100473.0
data scientist,senior,,company_895,United States,United States,Technology,Public,16070.0,,"['sql', 'machine learning', 'r', 'python']",110337.0,198564.0
data scientist,senior,,company_896,United States,United States,Finance,Public,100050.0,,"['sql', 'machine learning', 'python']",75815.0,75815.0
machine learning engineer,senior,,company_371,United States,United States,Healthcare,Private,250.0,,"['pytorch', 'deep learning', 'machine learning', 'python']",155270.0,212810.0
data scientist,senior,hybrid,company_115,Asia,Europe,Finance,Public,68440.0,,"['pytorch', 'aws', 'python', 'sql', 'gcp', 'azure', 'tensorflow']",,24203.0
data scientist,senior,on-site,company_251,United States,United States,Technology,Public,65130.0,,"['aws', 'powerbi', 'r', 'python', 'sql', 'machine learning', 'tableau']",58368.0,156350.0
data scientist,,on-site,company_096,United States,United States,Finance,Private,950.0,11380000000.0,[],138834.0,173541.0
data scientist,senior,hybrid,company_146,Canada,United States,Finance,Private,780.0,11850000000.0,[],179015.0,246144.0
data scientist,,hybrid,company_081,Canada,United States,Technology,Public,5010.0,4420000000.0,[],98647.0,98647.0
data scientist,senior,,company_293,Asia,Asia,Technology,Private,15470.0,9870000000.0,"['deep learning', 'machine learning', 'python']",36101.0,36101.0
data scientist,senior,on-site,company_007,multi-location,United States,Technology,Public,25920.0,33700000000.0,"['git', 'python', 'docker', 'sql', 'machine learning', 'kubernetes', 'deep learning']",121844.0,176460.0
machine learning engineer,senior,on-site,company_135,Asia,Asia,Technology,Private,530.0,,[],36342.0,36342.0
data sci,lead,hybrid,company_905,United States,United States,Finance,Public,16880.0,,"['python', 'neural network', 'sql', 'database', 'machine learning', 'tableau']",105680.0,176131.0
data scientist,senior,on-site,company_392,United States,United States,Finance,Public,62070.0,35420000000.0,"['spark', 'aws', 'python', 'sql', 'machine learning', 'gcp', 'azure']",157013.0,263790.0
data scientist,senior,,company_047,Asia,Asia,Technology,Public,222030.0,24160000000.0,"['aws', 'machine learning']",10048.0,10048.0
data scientist,lead,on-site,company_909,United States,United States,Finance,Private,32340.0,,"['spark', 'r', 'python', 'java', 'sql', 'machine learning']",129722.0,230343.0
data scientist,lead,remote,company_022,United States,United States,Technology,Public,103070.0,128230000000.0,"['pytorch', 'spark', 'aws', 'python', 'machine learning', 'gcp', 'deep learning', 'keras', 'azure', 'tensorflow']",96818.0,96818.0
data sci,senior,,company_912,Asia,United States,Technology,Private,3980.0,,"['pandas', 'numpy', 'pytorch', 'spark', 'git', 'python', 'docker', 'database', 'deep learning', 'sql', 'machine learning', 'gcp', 'kubernetes', 'keras', 'azure', 'matplotlib', 'tensorflow']",35019.0,35019.0
data scientist,senior,on-site,company_367,United States,United States,Technology,Private,420.0,,[],192721.0,216467.0
data scientist,midlevel,on-site,company_395,United States,United States,Retail,Public,55090.0,36380000000.0,"['spark', 'aws', 'r', 'python', 'scala', 'sql', 'machine learning', 'database', 'deep learning']",144860.0,165319.0
data sci,midlevel,on-site,company_914,Other,United States,Technology,Public,510.0,,"['machine learning', 'python']",100470.0,114170.0
data scientist,senior,remote,company_695,United States,Europe,Technology,Public,9200.0,,"['pytorch', 'aws', 'r', 'python', 'machine learning', 'gcp', 'azure', 'tensorflow']",85856.0,167004.0
data scientist,lead,on-site,company_916,United States,United States,Technology,Public,1300.0,,"['sql', 'machine learning', 'r', 'python']",138102.0,172625.0
data scientist,senior,,company_917,Asia,United States,Technology,Public,258790.0,,"['pandas', 'r', 'python', 'sql', 'database']",42493.0,42493.0
data scientist,senior,,company_171,Asia,United States,Technology,Public,524608.0,119230000000.0,"['database', 'machine learning', 'java']",27276.0,52697.0
data scientist,senior,on-site,company_310,United States,United States,Technology,Public,20050.0,,"['r', 'python', 'linux', 'java', 'sql', 'machine learning', 'database', 'deep learning']",104676.0,230258.0
data scientist,midlevel,hybrid,company_080,Canada,Canada,Finance,Public,26050.0,,"['pytorch', 'aws', 'scikit-learn', 'python', 'machine learning']",,
data sci,senior,remote,company_746,United States,United States,Technology,Private,90.0,,"['sql', 'machine learning', 'python']",114973.0,141567.0
data scientist,senior,hybrid,company_922,United States,United States,Finance,Public,18200.0,21550000000.0,['machine learning'],100036.0,150050.0
data sci,senior,remote,company_416,United States,United States,Technology,Private,360.0,1800000000.0,"['aws', 'python', 'machine learning', 'gcp', 'kubernetes', 'azure']",164407.0,182673.0
data scientist,senior,on-site,company_415,United States,United States,Technology,Private,900.0,4500000000.0,[],172624.0,172624.0
data scientist,senior,on-site,company_893,United States,Europe,Technology,Private,,,"['aws', 'git', 'r', 'python', 'docker']",117553.0,
data scientist,,on-site,company_096,United States,United States,Finance,Private,950.0,11330000000.0,[],138826.0,173533.0
data scientist,midlevel,remote,company_421,United States,United States,Technology,Private,,,"['sql', 'machine learning', 'python']",25211.0,25211.0
data scientist,,hybrid,company_081,Canada,United States,Technology,Public,5010.0,4420000000.0,[],98642.0,123302.0
data scientist,senior,,company_924,United States,United States,Education,,19503.0,,"['pandas', 'numpy', 'pytorch', 'r', 'python', 'scikit-learn', 'scipy', 'machine learning', 'keras', 'deep learning', 'tensorflow']",55715.0,58455.0
data scientist,senior,hybrid,company_925,Other,Europe,Technology,Private,150.0,,"['pandas', 'spark', 'aws', 'r', 'python', 'scikit-learn', 'opencv', 'sql', 'machine learning', 'gcp', 'deep learning']",164401.0,214633.0
data scientist,senior,,company_928,Europe,Europe,Technology,Private,4770.0,,"['deep learning', 'aws', 'machine learning', 'python']",53099.0,53099.0
data scientist,senior,on-site,company_930,United States,United States,Healthcare,Private,1530.0,,"['pytorch', 'python', 'java', 'sql', 'machine learning', 'deep learning', 'tensorflow']",167749.0,215676.0
data scientist,senior,on-site,company_932,multi-location,United States,Technology,Public,51070.0,,"['sql', 'powerbi', 'machine learning', 'python']",140657.0,216600.0
data scientist,senior,,company_937,United States,United States,Retail,Public,500010.0,,"['sql', 'tableau', 'python']",111435.0,111435.0
data scientist,senior,hybrid,company_008,United States,United States,Technology,Public,34660.0,81760000000.0,"['sql', 'machine learning', 'python']",139285.0,239614.0
machine learning engineer,senior,remote,company_690,United States,United States,Healthcare,Public,22020.0,,"['machine learning', 'python']",125529.0,153424.0
data scientist,senior,remote,company_169,Remote,United States,Technology,Public,4110.0,7790000000.0,[],184866.0,207973.0
machine learning engineer,junior,,company_941,Asia,Europe,Technology,Public,492245.0,153300000000.0,['machine learning'],10527.0,26188.0
data scientist,senior,remote,company_611,United States,United States,Technology,Public,2540.0,,[],137006.0,200939.0
data scientist,senior,hybrid,company_214,United States,Canada,Technology,Public,57290.0,17250000000.0,"['r', 'python', 'sql', 'machine learning', 'matplotlib', 'tableau']",105769.0,105769.0
,lead,hybrid,company_946,United States,United States,Technology,Private,52380.0,,"['aws', 'gcp', 'azure']",200935.0,296834.0
data sci,lead,hybrid,company_728,United States,United States,Technology,Private,150.0,,[],258479.0,258479.0
data sci,senior,,company_223,Europe,United States,Technology,Public,10060.0,,"['powerbi', 'python', 'sql', 'machine learning', 'tableau']",76371.0,76371.0
data scientist,lead,hybrid,company_947,United States,United States,Technology,Private,2020.0,,[],109604.0,200937.0
machine learning engineer,senior,on-site,company_156,United States,United States,Technology,Private,900.0,8050000000.0,[],184816.0,276788.0
data scientist,senior,on-site,company_273,Europe,United States,Technology,Public,94530.0,230270000000.0,"['sql', 'r', 'python']",,144998.0
machine learning engineer,senior,remote,company_949,United States,United States,Technology,Private,150.0,,"['pytorch', 'aws', 'r', 'python', 'machine learning', 'gcp', 'deep learning']",155272.0,200939.0
data scientist,senior,remote,company_950,United States,United States,Technology,Private,30.0,,"['sql', 'tableau', 'python']",109601.0,
data scientist,lead,remote,company_951,United States,United States,Finance,Private,8010.0,,"['pytorch', 'python', 'machine learning', 'deep learning', 'tensorflow']",136032.0,223478.0
data scientist,senior,,company_052,Europe,United States,Technology,Public,26910.0,53250000000.0,"['tableau', 'sql', 'r', 'python']",72513.0,72513.0
data scientist,,hybrid,company_952,United States,United States,Education,Private,390.0,,[],,137000.0
data scientist,senior,hybrid,company_146,multi-location,United States,Finance,Private,780.0,11800000000.0,[],175364.0,241124.0
data scientist,midlevel,on-site,company_105,Asia,United States,Technology,Private,30060.0,,"['aws', 'python', 'docker', 'machine learning', 'gcp', 'kubernetes', 'azure']",,24227.0
data scientist,senior,,company_954,United States,United States,Technology,Private,15.0,,[],137004.0,228336.0
data scientist,,remote,company_675,United States,United States,Technology,Private,45.0,,[],118741.0,182674.0
data sci,senior,,company_270,United States,United States,Healthcare,Public,300070.0,121370000000.0,"['git', 'python', 'docker', 'sql', 'machine learning', 'kubernetes', 'azure']",76206.0,203204.0
data scientist,senior,hybrid,company_115,Asia,Europe,Finance,Public,68430.0,,"['pytorch', 'aws', 'python', 'sql', 'gcp', 'azure', 'tensorflow']",24205.0,24205.0
data scientist,lead,,company_244,Asia,United States,Finance,Public,290770.0,350370000000.0,"['sql', 'machine learning', 'tableau', 'python']",42738.0,42738.0
data scientist,senior,,company_233,United States,United States,Technology,Public,27440.0,,"['machine learning', 'python']",95583.0,172782.0
data scientist,lead,on-site,company_962,Europe,United States,Technology,Public,3305.0,,['python'],138011.0,166416.0
data scientist,senior,on-site,company_119,United States,United States,Finance,Public,3790.0,7940000000.0,[],184499.0,217378.0
data scientist,senior,remote,company_038,Europe,Europe,Technology,Public,131970.0,17110000000.0,"['spark', 'scikit-learn', 'python', 'scala', 'java', 'machine learning', 'keras', 'deep learning', 'tensorflow']",52510.0,52510.0
data scientist,senior,remote,company_964,United States,United States,Technology,Public,2870.0,,"['pandas', 'numpy', 'aws', 'git', 'python', 'docker', 'linux', 'sklearn', 'machine learning', 'kubernetes', 'deep learning', 'azure', 'matplotlib']",123307.0,168973.0
data scientist,senior,,company_610,United States,United States,Technology,Private,51230.0,,"['java', 'machine learning', 'r', 'python']",104727.0,104727.0
data scientist,,remote,company_965,Remote,United States,Technology,Private,330.0,,[],87643.0,87643.0
data scientist,lead,hybrid,company_645,United States,United States,Technology,Private,180.0,,[],178100.0,205500.0
data scientist,senior,remote,company_966,United States,United States,Finance,Private,240.0,,[],173535.0,173535.0
data scientist,senior,hybrid,company_967,Asia,United States,Technology,Private,950.0,,"['spark', 'aws', 'r', 'python', 'sql', 'machine learning', 'gcp', 'hadoop', 'azure']",2739979.0,2739979.0
data scientist,midlevel,hybrid,company_202,Asia,United States,Technology,Public,195020.0,18300000000.0,"['numpy', 'spark', 'aws', 'python', 'neural network', 'database', 'machine learning', 'tensorflow']",34805.0,34805.0
data scientist,senior,remote,company_969,United States,United States,Healthcare,Public,4570.0,,[],155272.0,182672.0
data scientist,junior,,company_343,Europe,Europe,Finance,Public,60020.0,24630000000.0,"['aws', 'machine learning', 'linux', 'python']",59680.0,59680.0
data scientist,senior,remote,company_337,United States,United States,Finance,Public,7290.0,,"['r', 'python', 'sql', 'machine learning', 'database', 'azure']",108442.0,184349.0
data scientist,senior,,company_212,United States,United States,Technology,Public,222490.0,,"['aws', 'python', 'machine learning', 'azure', 'deep learning']",135178.0,135178.0
data scientist,senior,,company_318,United States,United States,Technology,Public,55030.0,14560000000.0,"['sql', 'machine learning', 'r', 'python']",100472.0,100472.0
data scientist,midlevel,remote,company_421,Other,United States,Technology,Private,,,"['sql', 'machine learning', 'python']",25211.0,25211.0
data scientist,midlevel,,company_971,Asia,Asia,Technology,Private,3682.0,,['machine learning'],83973.0,83973.0
machine learning engineer,,on-site,company_403,United States,United States,Retail,Public,17030.0,,[],160750.0,170797.0
data scientist,senior,remote,company_067,multi-location,United States,Technology,Public,5260.0,14300000000.0,[],306626.0,306626.0
data scientist,senior,remote,company_974,Canada,Canada,Technology,Public,2280.0,,"['sql', 'machine learning', 'python']",45064.0,105142.0
data scientist,senior,hybrid,company_975,United States,United States,Technology,Private,15.0,,[],173539.0,210072.0
data scientist,senior,,company_895,United States,United States,Technology,Public,16060.0,,"['pandas', 'numpy', 'pytorch', 'spark', 'aws', 'amazon', 'r', 'python', 'scikit-learn', 'scipy', 'linux', 'java', 'machine learning', 'keras', 'deep learning', 'matplotlib', 'tensorflow']",79192.0,138558.0
data scientist,senior,on-site,company_979,Asia,Asia,Technology,Public,125010.0,,"['spark', 'aws', 'r', 'python', 'sql', 'machine learning', 'database', 'hadoop', 'azure']",23903.0,23903.0
machine learning engineer,,on-site,company_156,United States,United States,Technology,Private,900.0,8100000000.0,[],126250.0,189589.0
data scientist,senior,hybrid,company_003,United States,United States,Retail,Public,,352440000000.0,"['spark', 'r', 'python', 'scala', 'machine learning', 'tensorflow']",,164400.0
data scientist,lead,,company_980,Asia,United States,Retail,Public,409060.0,66940000000.0,"['spark', 'r', 'python', 'scala', 'java', 'sql', 'hadoop', 'machine learning']",31966.0,58197.0
data scientist,midlevel,hybrid,company_983,multi-location,United States,Technology,Public,27060.0,,"['linux', 'machine learning', 'r', 'python']",70878.0,160749.0
data scientist,senior,hybrid,company_357,multi-location,United States,Technology,Public,132070.0,142280000000.0,"['aws', 'r', 'python', 'sql', 'gcp', 'machine learning', 'tableau']",22839.0,22839.0
data scientist,junior,,company_014,United States,United States,Education,,17441.0,,['machine learning'],99741.0,
data scientist,midlevel,remote,company_421,Other,United States,Technology,Private,,,"['sql', 'machine learning', 'python']",25216.0,25216.0
data scientist,junior,,company_985,Europe,United States,Finance,Private,312040.0,,"['python', 'docker', 'kubernetes', 'machine learning', 'azure', 'deep learning']",28045.0,28045.0
data scientist,senior,remote,company_647,Asia,Europe,Technology,Private,900.0,,[],39023.0,39023.0
data sci,senior,on-site,company_316,Asia,United States,Healthcare,Public,37950.0,,"['python', 'machine learning', 'gcp', 'azure', 'deep learning', 'tensorflow']",29801.0,32905.0
data sci,lead,on-site,company_844,United States,United States,Technology,Public,17070.0,94690000000.0,"['r', 'python', 'sql', 'machine learning', 'tableau']",145221.0,145221.0
data scientist,lead,remote,company_338,United States,Europe,Healthcare,Public,75470.0,99860000000.0,"['pytorch', 'r', 'python', 'machine learning', 'tensorflow']",149787.0,149787.0
data scientist,senior,on-site,company_816,United States,United States,Retail,Public,117010.0,,"['spark', 'sql', 'azure', 'python']",159293.0,211170.0
data scientist,senior,on-site,company_096,United States,United States,Finance,Private,950.0,11680000000.0,[],175364.0,219204.0
data scientist,senior,on-site,company_917,United States,United States,Technology,Public,258760.0,,"['sql', 'r', 'python']",151616.0,222855.0
data sci,senior,on-site,company_003,United States,United States,Retail,Public,,352440000000.0,"['pytorch', 'spark', 'r', 'python', 'scala', 'machine learning', 'azure', 'tensorflow']",142483.0,23517008.0
data scientist,senior,on-site,company_849,multi-location,United States,Finance,Public,29400.0,,"['database', 'sql', 'machine learning', 'python']",96818.0,165318.0
data scientist,midlevel,,company_055,United States,Europe,Technology,Public,97300.0,55340000000.0,[],37995.0,64591.0
machine learning engineer,,hybrid,company_403,United States,United States,Retail,Public,17020.0,,[],160748.0,
data sci,lead,,company_366,Asia,United States,Technology,Private,180.0,,"['aws', 'r', 'python', 'sql', 'machine learning', 'azure', 'tableau']",19780.0,19780.0
machine learning engineer,senior,,company_941,Asia,Europe,Technology,Public,492235.0,153050000000.0,"['sql', 'python']",10524.0,26185.0
data scientist,,hybrid,company_081,Canada,United States,Technology,Public,5010.0,4670000000.0,[],,123300.0
data scientist,senior,,company_844,United States,United States,Technology,Public,17020.0,94390000000.0,"['spark', 'r', 'python', 'sql', 'tableau']",168969.0,168969.0
data scientist,senior,on-site,company_917,United States,United States,Technology,Public,258800.0,,"['sql', 'r', 'python']",128780.0,
data sci,lead,hybrid,company_667,multi-location,United States,Technology,Private,2760.0,,[],251171.0,251171.0
data scientist,senior,remote,company_421,Other,United States,Technology,Private,,,"['pandas', 'numpy', 'python', 'sklearn', 'machine learning', 'matplotlib']",7679.0,7679.0
data scientist,senior,remote,company_848,United States,Europe,Healthcare,Public,107690.0,160950000000.0,"['gcp', 'database']",104122.0,192715.0
data scientist,senior,,company_844,United States,United States,Technology,Public,17020.0,94640000000.0,"['sql', 'machine learning', 'r', 'python']",173539.0,173539.0
data scientist,lead,on-site,company_235,United States,United States,Finance,Private,33020.0,,"['r', 'python', 'sql', 'database', 'machine learning']",150503.0,287666.0
data scientist,senior,,company_270,United States,United States,Healthcare,Public,300060.0,121220000000.0,"['aws', 'python', 'sql', 'machine learning', 'gcp', 'azure']",131709.0,263411.0
data scientist,senior,,company_233,United States,United States,Technology,Public,27450.0,,"['pandas', 'numpy', 'r', 'python', 'sql', 'tableau']",115177.0,208199.0
data scientist,lead,,company_872,United States,United States,Finance,Public,11060.0,18580000000.0,"['pandas', 'numpy', 'pytorch', 'spark', 'r', 'python', 'scikit-learn', 'machine learning', 'deep learning', 'tensorflow']",100474.0,100474.0
data scientist,senior,hybrid,company_115,Asia,Europe,Finance,Public,68420.0,,"['pytorch', 'aws', 'python', 'sql', 'gcp', 'azure', 'tensorflow']",24200.0,24200.0
data scientist,senior,hybrid,company_316,Europe,United States,Healthcare,Public,37950.0,,"['git', 'r', 'python', 'hadoop', 'deep learning', 'keras', 'azure', 'tensorflow']",67973.0,93598.0
data scientist,senior,on-site,company_917,United States,United States,Technology,Public,258810.0,,"['sql', 'r', 'python']",207333.0,292272.0
data scientist,senior,remote,company_967,multi-location,United States,Technology,Private,950.0,,"['scikit-learn', 'python', 'airflow', 'sql', 'machine learning']",24358.0,24358.0
data scientist,senior,,company_678,United States,United States,Technology,Private,5010.0,,['tableau'],133347.0,213720.0
data scientist,senior,,company_366,Asia,United States,Technology,Private,180.0,,"['pytorch', 'aws', 'python', 'docker', 'gcp', 'kubernetes', 'azure', 'tensorflow']",19777.0,19777.0
machine learning engineer,senior,on-site,company_156,United States,United States,Technology,Private,900.0,8200000000.0,[],203472.0,304988.0
data scientist,senior,hybrid,company_308,United States,United States,Technology,Public,182328.0,,"['sql', 'azure', 'machine learning', 'python']",136788.0,136788.0
data sci,senior,hybrid,company_980,United States,United States,Retail,Public,409050.0,67040000000.0,"['spark', 'r', 'python', 'scala', 'java', 'sql', 'hadoop', 'machine learning']",86770.0,
data scientist,senior,hybrid,company_291,United States,Asia,Technology,Public,261040.0,71180000000.0,"['pytorch', 'spark', 'aws', 'r', 'python', 'scala', 'java', 'sql', 'machine learning', 'gcp', 'deep learning', 'azure', 'tensorflow', 'tableau']",85855.0,150244.0
data sci,senior,,company_171,Asia,United States,Technology,Public,524568.0,119180000000.0,"['pandas', 'pytorch', 'r', 'python', 'java', 'database', 'keras', 'machine learning', 'matplotlib', 'tensorflow']",33043.0,52693.0
machine learning engineer,senior,,company_678,United States,United States,Technology,Private,5060.0,,"['pytorch', 'python', 'java', 'keras', 'machine learning', 'tensorflow']",73068.0,116908.0
data scientist,senior,on-site,company_395,United States,United States,Retail,Public,55100.0,36380000000.0,"['pytorch', 'aws', 'database', 'machine learning', 'tensorflow']",158013.0,180298.0
data scientist,senior,hybrid,company_667,United States,United States,Technology,Private,2810.0,,[],236556.0,236556.0
data scientist,senior,,company_183,Europe,Europe,Technology,Private,3760.0,,"['pandas', 'numpy', 'spark', 'aws', 'scikit-learn', 'python', 'airflow', 'machine learning']",61775.0,61775.0
data sci,senior,,company_980,Asia,United States,Retail,Public,409040.0,67090000000.0,"['pytorch', 'python', 'docker', 'sql', 'machine learning', 'kubernetes', 'hadoop', 'deep learning', 'tensorflow']",31971.0,58202.0
data scientist,senior,on-site,company_288,United States,United States,Technology,Public,26010.0,62740000000.0,['machine learning'],109604.0,146136.0
data scientist,senior,hybrid,company_983,multi-location,United States,Technology,Public,27010.0,,"['spark', 'r', 'python', 'sql', 'hadoop', 'machine learning']",90421.0,205500.0
data scientist,senior,hybrid,company_067,multi-location,United States,Technology,Public,5300.0,14250000000.0,[],306623.0,306623.0
data scientist,lead,on-site,company_395,United States,United States,Retail,Public,55110.0,36030000000.0,"['aws', 'r', 'python', 'scala', 'machine learning', 'database', 'deep learning']",262862.0,300034.0
data scientist,senior,on-site,company_395,United States,United States,Retail,Public,55130.0,36030000000.0,"['pytorch', 'aws', 'r', 'python', 'scala', 'sql', 'database', 'machine learning']",132526.0,
data scientist,senior,hybrid,company_291,United States,Asia,Technology,Public,261010.0,71030000000.0,"['pytorch', 'spark', 'aws', 'r', 'python', 'scala', 'java', 'sql', 'machine learning', 'gcp', 'deep learning', 'azure', 'tensorflow', 'tableau']",85862.0,150251.0
data scientist,senior,on-site,company_003,United States,United States,Retail,Public,,352440000000.0,"['pytorch', 'spark', 'r', 'python', 'scala', 'machine learning', 'tensorflow']",106860.0,213719.0
data scientist,senior,,company_291,Asia,Asia,Technology,Public,261040.0,71130000000.0,"['aws', 'r', 'python', 'sql', 'neural network', 'gcp', 'azure']",9582.0,9582.0
data scientist,senior,hybrid,company_922,multi-location,United States,Finance,Public,18190.0,21600000000.0,['machine learning'],100028.0,150042.0
data sci,,hybrid,company_081,Canada,United States,Technology,Public,5040.0,4720000000.0,[],98648.0,123308.0
data sci,senior,on-site,company_185,United States,United States,Technology,Public,97050.0,75000000000.0,['r'],164039.0,246056.0
data sci,lead,on-site,company_230,United States,United States,Healthcare,Public,49360.0,245340000000.0,[],137007.0,137007.0
data scientist,midlevel,remote,company_421,Other,United States,Technology,Private,,,"['sql', 'machine learning', 'python']",25214.0,25214.0
data scientist,senior,on-site,company_490,multi-location,United States,Technology,Public,83560.0,,"['aws', 'r', 'python', 'sql', 'machine learning', 'deep learning', 'azure']",116363.0,209887.0
data scientist,senior,,company_844,United States,United States,Technology,Public,17070.0,94490000000.0,"['r', 'python', 'sql', 'machine learning', 'tableau']",168968.0,168968.0
data scientist,senior,,company_171,Asia,United States,Technology,Public,524608.0,119330000000.0,"['database', 'machine learning', 'java']",27279.0,52700.0
data scientist,senior,hybrid,company_183,Europe,Europe,Technology,Private,3760.0,,"['pandas', 'numpy', 'pytorch', 'spark', 'aws', 'scikit-learn', 'python', 'docker', 'airflow', 'machine learning', 'deep learning']",61778.0,61778.0
data scientist,senior,,company_844,United States,United States,Technology,Public,17050.0,94540000000.0,"['sql', 'machine learning', 'tableau', 'python']",168967.0,168967.0
machine learning engineer,senior,on-site,company_135,Asia,Asia,Technology,Private,530.0,,[],36345.0,36345.0
data scientist,senior,,company_889,United States,United States,Energy,Public,6190.0,,"['sql', 'python']",127871.0,
data scientist,midlevel,,company_244,Asia,United States,Finance,Public,290800.0,350320000000.0,"['spark', 'sql', 'machine learning', 'python']",33751.0,33751.0
data scientist,midlevel,,company_174,Europe,Europe,Technology,Private,900.0,,"['machine learning', 'python']",49109.0,49109.0
data scientist,senior,remote,company_083,Asia,Europe,Technology,Private,263610.0,25310000000.0,"['pandas', 'numpy', 'pytorch', 'scipy', 'opencv', 'hadoop', 'machine learning', 'keras', 'deep learning', 'tensorflow']",4055.0,10055.0
data scientist,lead,on-site,company_244,United States,United States,Finance,Public,290750.0,350320000000.0,"['amazon', 'spark', 'aws', 'r', 'python', 'scala', 'sql', 'machine learning', 'gcp', 'hadoop', 'azure']",137008.0,137008.0
data scientist,junior,on-site,company_849,multi-location,United States,Finance,Public,29410.0,,"['pandas', 'numpy', 'pytorch', 'spark', 'scikit-learn', 'python', 'linux', 'airflow', 'sql', 'machine learning', 'database', 'azure', 'tensorflow']",79463.0,135176.0
data scientist,senior,on-site,company_844,United States,United States,Technology,Public,17020.0,94590000000.0,"['sql', 'machine learning', 'r', 'python']",163490.0,170340.0
data scientist,lead,on-site,company_273,United States,United States,Technology,Public,94560.0,230370000000.0,['machine learning'],231078.0,286791.0
data scientist,senior,hybrid,company_146,United States,United States,Finance,Private,780.0,11750000000.0,[],204593.0,281312.0
data sci,senior,,company_223,United States,United States,Technology,Public,10040.0,,"['spark', 'aws', 'r', 'python', 'machine learning', 'hadoop', 'deep learning']",99557.0,
data sci,senior,,company_309,Asia,United States,Technology,Private,3550.0,,"['pytorch', 'aws', 'git', 'python', 'docker', 'sql', 'machine learning', 'gcp', 'deep learning', 'keras', 'azure', 'tensorflow', 'tableau']",19234.0,19234.0
data scientist,lead,on-site,company_395,United States,United States,Retail,Public,55100.0,36180000000.0,"['aws', 'r', 'python', 'scala', 'machine learning', 'database', 'deep learning']",262864.0,
data scientist,senior,on-site,company_878,United States,United States,Technology,Public,21260.0,144770000000.0,"['sql', 'python']",117457.0,213904.0
data scientist,senior,hybrid,company_146,United States,United States,Finance,Private,780.0,11900000000.0,[],,281309.0
data scientist,lead,on-site,company_395,United States,United States,Retail,Public,55100.0,36230000000.0,"['aws', 'r', 'python', 'scala', 'machine learning', 'database', 'deep learning']",262861.0,300033.0
machine learning engineer,senior,on-site,company_336,United States,United States,Technology,Private,14060.0,,"['pytorch', 'r', 'python', 'scala', 'java', 'machine learning', 'deep learning', 'tensorflow']",177193.0,177193.0
data scientist,senior,hybrid,company_081,United States,United States,Technology,Public,5020.0,4720000000.0,[],135174.0,168967.0
data scientist,senior,remote,company_421,multi-location,United States,Technology,Private,,,"['pandas', 'numpy', 'python', 'sklearn', 'machine learning', 'matplotlib']",7680.0,7680.0
data scientist,midlevel,remote,company_318,multi-location,United States,Technology,Public,55040.0,14610000000.0,['machine learning'],118739.0,118739.0
data scientist,midlevel,on-site,company_273,United States,United States,Technology,Public,94540.0,230420000000.0,"['sql', 'machine learning', 'r', 'python']",132439.0,186325.0
data scientist,senior,on-site,company_003,United States,United States,Retail,Public,,352440000000.0,"['pytorch', 'spark', 'r', 'python', 'scala', 'java', 'sql', 'machine learning', 'deep learning', 'keras', 'azure', 'tensorflow']",118736.0,237469.0
data sci,senior,hybrid,company_316,Europe,United States,Healthcare,Public,37990.0,,"['aws', 'r', 'python', 'airflow', 'sql', 'machine learning', 'azure', 'tableau']",52987.0,
data scientist,senior,remote,company_572,Remote,United States,Technology,Private,45.0,,[],,159836.0
data sci,senior,,company_371,United States,United States,Healthcare,Private,250.0,,"['r', 'python']",109602.0,
data scientist,senior,,company_207,Asia,United States,Technology,Public,40040.0,55290000000.0,"['git', 'python', 'java', 'sql', 'machine learning']",85616.0,85616.0
data scientist,senior,on-site,company_003,United States,United States,Retail,Public,,352440000000.0,"['spark', 'r', 'python', 'scala', 'sql', 'machine learning', 'tensorflow']",100468.0,200934.0
data scientist,midlevel,hybrid,company_983,United States,United States,Technology,Public,27030.0,,"['spark', 'r', 'python', 'sql', 'hadoop', 'machine learning']",70880.0,160751.0
data scientist,midlevel,,company_941,Asia,Europe,Technology,Public,492195.0,153250000000.0,"['aws', 'r', 'python', 'scala', 'java', 'sql', 'machine learning', 'hadoop', 'azure', 'tableau']",,26188.0
data scientist,senior,hybrid,company_270,United States,United States,Healthcare,Public,300010.0,121470000000.0,"['pytorch', 'aws', 'python', 'sql', 'machine learning', 'gcp', 'deep learning', 'azure']",101605.0,203204.0
data scientist,senior,,company_291,Asia,Asia,Technology,Public,261060.0,71030000000.0,['machine learning'],9587.0,9587.0
data scientist,midlevel,hybrid,company_983,United States,United States,Technology,Public,27070.0,,"['machine learning', 'tableau', 'python']",70883.0,160754.0
data scientist,senior,hybrid,company_083,Europe,Europe,Technology,Private,263590.0,25360000000.0,"['pytorch', 'aws', 'r', 'python', 'docker', 'opencv', 'machine learning', 'gcp', 'kubernetes', 'deep learning', 'azure', 'tensorflow']",32155.0,32155.0
data sci,senior,hybrid,company_983,United States,United States,Technology,Public,27050.0,,"['r', 'python', 'java', 'sql', 'database', 'tableau']",90426.0,205505.0
data scientist,midlevel,on-site,company_310,United States,United States,Technology,Public,20010.0,,"['pytorch', 'aws', 'scikit-learn', 'python', 'machine learning', 'azure', 'tensorflow']",82476.0,82476.0
data scientist,lead,on-site,company_235,United States,United States,Finance,Private,33010.0,,"['spark', 'r', 'python', 'sql', 'machine learning', 'hadoop', 'deep learning']",137005.0,137005.0
data scientist,midlevel,on-site,company_273,United States,United States,Technology,Public,94590.0,230320000000.0,"['sql', 'machine learning', 'r', 'python']",158014.0,221034.0
data scientist,senior,,company_678,United States,United States,Technology,Private,5060.0,,['tableau'],102293.0,163486.0
data scientist,senior,on-site,company_980,Asia,United States,Retail,Public,409050.0,67040000000.0,"['spark', 'machine learning', 'git', 'python']",31210.0,58197.0
data scientist,lead,on-site,company_316,Asia,United States,Healthcare,Public,37950.0,,"['git', 'r', 'python', 'airflow', 'sql', 'machine learning']",29799.0,32903.0
data scientist,midlevel,on-site,company_273,United States,United States,Technology,Public,94590.0,230370000000.0,"['sql', 'machine learning', 'r', 'python']",132433.0,186319.0
data scientist,senior,,company_844,United States,United States,Technology,Public,17020.0,94390000000.0,"['sql', 'machine learning', 'r', 'python']",173540.0,173540.0
data scientist,lead,on-site,company_003,United States,United States,Retail,Public,,352440000000.0,"['spark', 'r', 'python', 'scala', 'machine learning', 'tensorflow']",182672.0,182672.0
machine learning engineer,senior,hybrid,company_315,multi-location,United States,Technology,Public,212630.0,188210000000.0,"['pytorch', 'spark', 'aws', 'scikit-learn', 'python', 'docker', 'deep learning', 'sql', 'machine learning', 'gcp', 'kubernetes', 'hadoop', 'azure', 'tensorflow']",41974.0,41974.0
data scientist,senior,on-site,company_355,multi-location,United States,Technology,Public,65820.0,130590000000.0,"['spark', 'r', 'python', 'airflow', 'hadoop']",,252178.0
data scientist,senior,hybrid,company_008,Asia,United States,Technology,Public,34660.0,81860000000.0,"['sql', 'machine learning', 'python']",32875.0,47285.0
data scientist,,on-site,company_445,United States,United States,Technology,Public,2270.0,,[],155610.0,207329.0
data scientist,senior,,company_931,Europe,United States,Technology,Public,26090.0,,"['r', 'python', 'sql', 'hadoop', 'machine learning', 'tableau']",78110.0,78110.0
data scientist,senior,on-site,company_288,United States,United States,Technology,Public,26020.0,62740000000.0,"['amazon', 'aws', 'python']",114169.0,114169.0
data scientist,midlevel,hybrid,company_257,United States,United States,Finance,Public,21030.0,383100000000.0,"['spark', 'hadoop', 'sql', 'python']",106410.0,164863.0
data scientist,senior,on-site,company_134,United States,United States,Retail,Public,865416.0,833060000000.0,"['amazon', 'r', 'python', 'sql', 'machine learning']",117828.0,219207.0
data scientist,senior,,company_911,United States,United States,Technology,Public,5010.0,,"['pytorch', 'spark', 'python', 'sql', 'machine learning']",38945.0,
data scientist,senior,on-site,company_291,Asia,Asia,Technology,Public,261060.0,70980000000.0,"['sql', 'machine learning', 'r', 'python']",9586.0,9586.0
data scientist,senior,,company_042,Europe,United States,Technology,Public,990.0,,"['pandas', 'python', 'docker', 'airflow', 'sql', 'gcp', 'machine learning']",54805.0,54805.0
data scientist,lead,,company_270,United States,United States,Healthcare,Public,300010.0,121420000000.0,"['sql', 'machine learning', 'python']",131704.0,
data scientist,senior,on-site,company_149,United States,United States,Manufacturing,Public,101040.0,305270000000.0,"['aws', 'machine learning', 'r', 'azure']",77642.0,105041.0
data scientist,junior,,company_047,Asia,Asia,Technology,Public,222050.0,24210000000.0,"['deep learning', 'machine learning']",10049.0,10049.0
data scientist,senior,on-site,company_490,United States,United States,Technology,Public,83550.0,,"['spark', 'r', 'python', 'sql', 'machine learning', 'database', 'hadoop', 'deep learning']",,209888.0
data scientist,senior,on-site,company_310,United States,United States,Technology,Public,20010.0,,"['sql', 'machine learning', 'r', 'python']",63118.0,
data scientist,senior,remote,company_223,United States,United States,Technology,Public,10070.0,,"['pandas', 'numpy', 'pytorch', 'spark', 'scikit-learn', 'python', 'scala', 'java', 'sql', 'machine learning', 'keras', 'deep learning', 'tensorflow']",99560.0,99560.0
data scientist,midlevel,,company_233,United States,United States,Technology,Public,27390.0,,"['aws', 'git', 'python', 'sql', 'database', 'machine learning', 'matplotlib', 'tensorflow', 'tableau']",95585.0,24123235.0
data scientist,senior,remote,company_223,United States,United States,Technology,Public,10020.0,,"['spark', 'python', 'machine learning', 'hadoop', 'deep learning']",99554.0,99554.0
data scientist,senior,remote,company_421,Other,United States,Technology,Private,,,"['pandas', 'numpy', 'python', 'sklearn', 'machine learning', 'matplotlib']",7678.0,7678.0
data scientist,senior,on-site,company_233,United States,United States,Technology,Public,27400.0,,"['amazon', 'aws', 'git', 'r', 'python', 'docker', 'sql', 'kubernetes', 'hadoop']",77773.0,140587.0
data scientist,senior,on-site,company_916,United States,United States,Technology,Public,1300.0,,"['aws', 'git', 'r', 'python', 'sql', 'machine learning']",115088.0,143858.0
data sci,senior,on-site,company_392,United States,United States,Finance,Public,62040.0,35420000000.0,"['spark', 'sql', 'machine learning', 'python']",161759.0,271723.0
data sci,midlevel,,company_941,Asia,Europe,Technology,Public,492235.0,152950000000.0,"['r', 'python', 'java', 'sql', 'database', 'machine learning']",12730.0,
data scientist,senior,remote,company_625,Remote,United States,Energy,Private,90.0,,[],168968.0,210068.0
machine learning engineer,senior,,company_941,Asia,Europe,Technology,Public,492235.0,153200000000.0,"['sql', 'python']",10525.0,26186.0
data scientist,,on-site,company_096,United States,United States,Finance,Private,950.0,11580000000.0,[],138831.0,173538.0
data scientist,senior,,company_375,Asia,Asia,Technology,Public,36130.0,,"['spark', 'aws', 'git', 'python', 'sql', 'gcp', 'deep learning', 'azure', 'tensorflow']",104657.0,128182.0
data scientist,senior,,company_985,Europe,United States,Finance,Private,312010.0,,[],28046.0,28046.0
data scientist,senior,on-site,company_251,United States,United States,Technology,Public,65140.0,,"['aws', 'powerbi', 'r', 'python', 'sql', 'machine learning', 'tableau']",,156348.0
data sci,senior,on-site,company_273,United States,United States,Technology,Public,94580.0,230420000000.0,"['sql', 'machine learning', 'r', 'python']",132436.0,
data scientist,senior,remote,company_969,United States,United States,Healthcare,Public,4560.0,,[],155267.0,182667.0
data scientist,senior,on-site,company_003,United States,United States,Retail,Public,,352440000000.0,"['spark', 'r', 'python', 'scala', 'sql', 'machine learning', 'tensorflow']",130608.0,261214.0
data scientist,senior,on-site,company_316,Asia,United States,Healthcare,Public,37990.0,,"['pytorch', 'aws', 'git', 'r', 'python', 'docker', 'scikit-learn', 'deep learning', 'machine learning', 'gcp', 'kubernetes', 'keras', 'azure', 'tensorflow']",29800.0,32904.0
data scientist,lead,,company_244,Asia,United States,Finance,Public,290740.0,350020000000.0,"['sql', 'aws', 'tableau']",,43659.0
data scientist,senior,,company_844,United States,United States,Technology,Public,17050.0,94390000000.0,"['sql', 'machine learning', 'tableau', 'python']",173536.0,173536.0
data scientist,senior,on-site,company_310,Other,United States,Technology,Public,20020.0,,"['machine learning', 'database']",99006.0,
data scientist,senior,on-site,company_992,United States,Other,Technology,Public,6030.0,28170000000.0,"['tableau', 'sql', 'r', 'python']",211535.0,282044.0
data scientist,senior,on-site,company_860,United States,United States,Technology,Private,2270.0,35160000000.0,[],209476.0,209476.0
data scientist,junior,hybrid,company_083,multi-location,Europe,Technology,Private,263590.0,25210000000.0,"['pandas', 'numpy', 'aws', 'r', 'python', 'scikit-learn', 'machine learning', 'gcp', 'deep learning', 'azure', 'matplotlib']",32159.0,32159.0
machine learning engineer,lead,on-site,company_244,United States,United States,Finance,Public,290790.0,350270000000.0,"['pandas', 'numpy', 'pytorch', 'scikit-learn', 'machine learning', 'deep learning', 'tensorflow']",200933.0,200933.0
data scientist,senior,,company_844,United States,United States,Technology,Public,17040.0,94490000000.0,"['pandas', 'numpy', 'git', 'scikit-learn', 'python', 'linux', 'sql', 'machine learning', 'tableau']",168966.0,168966.0
data scientist,senior,,company_967,Asia,United States,Technology,Private,950.0,,"['azure', 'python']",2283322.0,2283322.0
data engineer,senior,on-site,company_134,United States,United States,Retail,Public,865456.0,832910000000.0,"['amazon', 'spark', 'python', 'scala', 'sql', 'hadoop', 'machine learning']",117826.0,219205.0
data scientist,lead,on-site,company_273,United States,United States,Technology,Public,94590.0,230420000000.0,['machine learning'],231077.0,286790.0
data scientist,midlevel,remote,company_421,Other,United States,Technology,Private,,,"['sql', 'machine learning', 'python']",25214.0,25214.0
data scientist,senior,hybrid,company_008,United States,United States,Technology,Public,34630.0,81660000000.0,"['sql', 'machine learning', 'tableau', 'python']",,194406.0
data scientist,senior,hybrid,company_983,United States,United States,Technology,Public,27040.0,,"['pytorch', 'aws', 'scikit-learn', 'python', 'machine learning', 'azure', 'tensorflow']",90420.0,
machine learning engineer,junior,,company_941,Asia,Europe,Technology,Public,492225.0,153300000000.0,['machine learning'],10524.0,26185.0
data scientist,lead,,company_980,Asia,United States,Retail,Public,409030.0,66890000000.0,"['spark', 'machine learning', 'git', 'python']",31966.0,58197.0
data sci,senior,on-site,company_288,United States,United States,Technology,Public,26050.0,62990000000.0,['machine learning'],114170.0,114170.0
data sci,senior,on-site,company_355,United States,United States,Technology,Public,65860.0,130790000000.0,"['spark', 'r', 'python', 'airflow', 'hadoop']",183400.0,252173.0
data scientist,senior,on-site,company_555,United States,United States,Finance,Public,3070.0,,"['kubernetes', 'machine learning', 'python']",141567.0,141567.0
data scientist,senior,,company_993,Asia,Asia,Technology,Private,590.0,,"['aws', 'machine learning', 'python']",23243.0,23243.0
data scientist,senior,on-site,company_158,United States,United States,Technology,Private,21640.0,,"['python', 'database', 'linux', 'sql', 'kubernetes', 'keras', 'machine learning', 'tensorflow']",147509.0,199569.0
data sci,midlevel,,company_889,United States,United States,Energy,Public,6190.0,,"['tableau', 'sql', 'r', 'python']",108695.0,141574.0
machine learning engineer,midlevel,,company_941,Asia,Europe,Technology,Public,492255.0,153150000000.0,"['azure', 'machine learning', 'python']",10524.0,26185.0
data scientist,senior,on-site,company_410,United States,United States,Technology,Private,320.0,,[],28127.0,28127.0
data scientist,senior,on-site,company_316,Europe,United States,Healthcare,Public,37950.0,,"['sql', 'azure', 'machine learning', 'python']",,93603.0
data sci,senior,on-site,company_273,United States,United States,Technology,Public,94570.0,230520000000.0,"['sql', 'machine learning', 'r', 'python']",132441.0,186327.0
data scientist,senior,on-site,company_273,United States,United States,Technology,Public,94530.0,230570000000.0,"['sql', 'machine learning', 'r', 'python']",132434.0,186320.0
data engineer,senior,on-site,company_134,United States,United States,Retail,Public,865456.0,832810000000.0,"['amazon', 'aws']",109603.0,219202.0
data scientist,senior,,company_207,Asia,United States,Technology,Public,40060.0,55440000000.0,"['java', 'sql', 'git', 'python']",43549.0,48973.0
data scientist,senior,,company_134,multi-location,United States,Retail,Public,865446.0,833060000000.0,"['amazon', 'spark', 'r', 'python', 'sql', 'machine learning', 'hadoop', 'deep learning']",68388.0,109537.0
data scientist,senior,on-site,company_134,United States,United States,Retail,Public,865416.0,833010000000.0,"['amazon', 'r', 'python', 'neural network', 'sql', 'machine learning', 'deep learning']",146134.0,164401.0
machine learning engineer,senior,,company_291,Asia,Asia,Technology,Public,261050.0,71080000000.0,"['deep learning', 'aws', 'machine learning', 'azure']",9584.0,9584.0
machine learning engineer,senior,on-site,company_883,Asia,Europe,Technology,Public,117790.0,104060000000.0,"['git', 'docker', 'java', 'sql', 'database']",19599.0,19599.0
data scientist,senior,hybrid,company_214,United States,Canada,Technology,Public,57270.0,17100000000.0,"['r', 'python', 'sql', 'machine learning', 'matplotlib', 'tableau']",105769.0,105769.0
data scientist,senior,,company_980,Asia,United States,Retail,Public,409070.0,66940000000.0,"['spark', 'python', 'sql', 'machine learning', 'deep learning']",31967.0,58198.0
data sci,lead,on-site,company_395,United States,United States,Retail,Public,55150.0,36280000000.0,"['aws', 'r', 'python', 'scala', 'machine learning', 'database', 'deep learning']",262859.0,300031.0
data scientist,junior,hybrid,company_008,multi-location,United States,Technology,Public,34690.0,81710000000.0,"['sql', 'database']",112804.0,194409.0
data scientist,midlevel,hybrid,company_983,United States,United States,Technology,Public,27040.0,,"['sql', 'machine learning', 'python']",70880.0,160751.0
data scientist,senior,on-site,company_489,Canada,United States,Manufacturing,Public,18900.0,,"['spark', 'machine learning', 'r', 'python']",91610.0,
data scientist,lead,on-site,company_244,United States,United States,Finance,Public,290750.0,350170000000.0,"['sql', 'machine learning', 'tableau', 'python']",155271.0,155271.0
data scientist,senior,on-site,company_445,United States,United States,Technology,Public,2270.0,,[],7.0,172805.0
data scientist,lead,,company_270,United States,United States,Healthcare,Public,300020.0,121270000000.0,"['sql', 'r', 'python']",131704.0,263406.0
data scientist,midlevel,on-site,company_316,Asia,United States,Healthcare,Public,37940.0,,"['r', 'python', 'sql', 'hadoop', 'machine learning']",18195.0,18195.0
data sci,senior,,company_250,United States,Europe,Healthcare,Private,76060.0,,"['pandas', 'aws', 'scikit-learn', 'python', 'sql', 'machine learning', 'gcp', 'azure']",,86951.0
machine learning engineer,senior,,company_941,Asia,Europe,Technology,Public,492225.0,153300000000.0,"['azure', 'machine learning', 'python']",10525.0,
data scientist,senior,on-site,company_310,United States,United States,Technology,Public,20010.0,,"['r', 'python', 'sql', 'machine learning', 'tableau']",63112.0,129236.0
data scientist,senior,,company_763,Asia,United States,Technology,Public,26640.0,,"['pytorch', 'aws', 'git', 'python', 'java', 'gcp', 'azure', 'tensorflow']",18678.0,18678.0
data scientist,lead,,company_993,Asia,Asia,Technology,Private,590.0,,"['pytorch', 'aws', 'python', 'docker', 'machine learning', 'gcp', 'deep learning', 'azure', 'tensorflow']",23240.0,23240.0
data sci,junior,hybrid,company_313,multi-location,Europe,Finance,Public,29530.0,,['python'],73455.0,73455.0
machine learning engineer,senior,hybrid,company_233,United States,United States,Technology,Public,27390.0,,['r'],115179.0,208201.0
data scientist,senior,,company_223,Europe,United States,Technology,Public,10030.0,,"['powerbi', 'python', 'sql', 'machine learning', 'tableau']",76372.0,76372.0
machine learning engineer,senior,,company_106,Asia,Europe,Logistics,Private,38120.0,34270000000.0,"['spark', 'aws', 'powerbi', 'python', 'docker', 'sql', 'machine learning', 'gcp', 'kubernetes', 'deep learning', 'azure']",26752.0,26752.0
data scientist,,on-site,company_888,Europe,Europe,Technology,Private,600.0,,[],,112341.0
data scientist,senior,on-site,company_917,multi-location,United States,Technology,Public,258800.0,,"['sql', 'r', 'python']",179934.0,265787.0
data scientist,lead,on-site,company_395,United States,United States,Retail,Public,55140.0,36080000000.0,"['spark', 'aws', 'r', 'python', 'scala', 'database', 'sql', 'machine learning', 'kubernetes', 'deep learning']",192716.0,219933.0
data scientist,senior,hybrid,company_983,United States,United States,Technology,Public,27070.0,,"['machine learning', 'python']",90424.0,205503.0
data scientist,senior,on-site,company_003,United States,United States,Retail,Public,,352440000000.0,"['pytorch', 'spark', 'r', 'python', 'scala', 'java', 'machine learning', 'deep learning', 'tensorflow']",,261217.0
data scientist,senior,,company_212,Asia,United States,Technology,Public,222500.0,,"['pytorch', 'spark', 'aws', 'python', 'sql', 'machine learning', 'gcp', 'hadoop', 'azure', 'tensorflow']",17919.0,17919.0
data scientist,senior,,company_134,multi-location,United States,Retail,Public,865476.0,833010000000.0,"['amazon', 'spark', 'r', 'python', 'sql', 'machine learning', 'hadoop', 'deep learning']",51263.0,109545.0
data scientist,senior,hybrid,company_183,Europe,Europe,Technology,Private,3790.0,,"['pandas', 'numpy', 'spark', 'aws', 'scikit-learn', 'python', 'docker', 'airflow', 'machine learning', 'deep learning']",61775.0,61775.0
data sci,senior,,company_993,Asia,Asia,Technology,Private,590.0,,"['pytorch', 'aws', 'python', 'docker', 'machine learning', 'gcp', 'deep learning', 'azure', 'tensorflow']",23238.0,23238.0
machine learning engineer,lead,on-site,company_244,United States,United States,Finance,Public,290760.0,350070000000.0,"['pandas', 'numpy', 'pytorch', 'scikit-learn', 'machine learning', 'deep learning', 'tensorflow']",196372.0,196372.0
data scientist,senior,,company_614,Other,United States,Technology,Private,10210.0,,"['amazon', 'deep learning', 'machine learning', 'python']",65766.0,65766.0
data sci,senior,,company_171,Asia,United States,Technology,Public,524588.0,119330000000.0,"['database', 'machine learning', 'java']",33047.0,52697.0
data scientist,midlevel,hybrid,company_357,multi-location,United States,Technology,Public,132030.0,142180000000.0,[],115081.0,115081.0
machine learning engineer,midlevel,,company_941,Asia,Europe,Technology,Public,492205.0,153200000000.0,"['sql', 'python']",10526.0,26187.0
data scientist,,hybrid,company_851,United States,United States,Technology,Private,3560.0,,[],127872.0,137005.0
data scientist,senior,on-site,company_395,United States,United States,Retail,Public,55140.0,36030000000.0,"['pytorch', 'aws', 'database', 'machine learning', 'tensorflow']",158011.0,
data scientist,,remote,company_415,Remote,United States,Technology,Private,900.0,4600000000.0,[],164405.0,164405.0
data scientist,senior,,company_233,United States,United States,Technology,Public,27420.0,,"['pytorch', 'aws', 'r', 'python', 'docker', 'scikit-learn', 'sql', 'machine learning', 'gcp', 'kubernetes', 'deep learning', 'azure', 'matplotlib', 'tensorflow', 'tableau']",77776.0,140590.0
data scientist,senior,on-site,company_310,United States,United States,Technology,Public,20030.0,,"['sql', 'machine learning', 'r', 'python']",66405.0,136274.0
data scientist,lead,,company_244,Asia,United States,Finance,Public,290770.0,350370000000.0,"['machine learning', 'python']",27553.0,43657.0
data scientist,senior,,company_917,Europe,United States,Technology,Public,258810.0,,[],148524.0,185955.0
data scientist,lead,on-site,company_041,United States,Europe,Healthcare,Public,93570.0,246930000000.0,"['pytorch', 'aws', 'machine learning', 'gcp', 'azure', 'tensorflow']",159837.0,159837.0
data scientist,midlevel,remote,company_421,Other,United States,Technology,Private,,,"['sql', 'machine learning', 'python']",25213.0,25213.0
data scientist,lead,,company_366,United States,United States,Technology,Private,180.0,,"['pytorch', 'spark', 'aws', 'r', 'python', 'scikit-learn', 'scala', 'sql', 'machine learning', 'gcp', 'azure', 'tensorflow']",100474.0,146140.0
data sci,senior,on-site,company_937,United States,United States,Retail,Public,500010.0,,"['sql', 'tableau', 'python']",116908.0,116908.0
data scientist,senior,hybrid,company_848,United States,Europe,Healthcare,Public,107730.0,161150000000.0,"['r', 'python']",120837.0,224408.0
data scientist,senior,hybrid,company_980,United States,United States,Retail,Public,409060.0,66990000000.0,"['python', 'scala', 'sql', 'machine learning', 'hadoop', 'deep learning']",86769.0,156182.0
data scientist,,hybrid,company_851,Asia,United States,Technology,Private,3520.0,,[],34569.0,34569.0
data scientist,senior,on-site,company_003,United States,United States,Retail,Public,,352440000000.0,"['spark', 'r', 'python', 'scala', 'sql', 'machine learning', 'tensorflow']",98645.0,
data sci,senior,on-site,company_985,Europe,United States,Finance,Private,312060.0,,"['pandas', 'numpy', 'python', 'machine learning', 'azure']",28046.0,28046.0
data scientist,senior,hybrid,company_994,United States,United States,Finance,Private,20600.0,,['machine learning'],115087.0,127874.0
machine learning engineer,lead,on-site,company_244,United States,United States,Finance,Public,290740.0,350120000000.0,"['pandas', 'numpy', 'pytorch', 'scikit-learn', 'machine learning', 'deep learning', 'tensorflow']",164408.0,
machine learning engineer,junior,on-site,company_881,United States,Asia,Technology,Private,110010.0,128220000000.0,"['pytorch', 'python', 'neural network', 'machine learning', 'deep learning', 'tensorflow']",,228335.0
data scientist,senior,on-site,company_917,United States,United States,Technology,Public,258790.0,,"['sql', 'r', 'python']",207334.0,292273.0
data scientist,senior,on-site,company_392,United States,United States,Finance,Public,62030.0,35070000000.0,"['spark', 'aws', 'python', 'sql', 'machine learning', 'gcp', 'azure']",157012.0,263789.0
data scientist,senior,hybrid,company_872,United States,United States,Finance,Public,11060.0,18630000000.0,['machine learning'],94080.0,94080.0
machine learning engineer,midlevel,,company_941,Asia,Europe,Technology,Public,492205.0,153250000000.0,"['pytorch', 'aws', 'python', 'docker', 'machine learning', 'azure', 'tensorflow']",10529.0,26190.0
data scientist,senior,hybrid,company_922,multi-location,United States,Finance,Public,18170.0,21700000000.0,"['pandas', 'git', 'python', 'sql', 'matplotlib']",101126.0,151688.0
machine learning engineer,senior,on-site,company_931,United States,United States,Technology,Public,26050.0,,"['scala', 'machine learning', 'python']",252999.0,252999.0
data scientist,senior,remote,company_832,United States,United States,Healthcare,,120050.0,,"['r', 'python', 'scala', 'sql', 'machine learning', 'database', 'azure', 'tableau']",159841.0,159841.0
data scientist,senior,hybrid,company_081,United States,United States,Technology,Public,5030.0,4470000000.0,[],135178.0,168971.0
data scientist,senior,hybrid,company_291,United States,Asia,Technology,Public,261070.0,71330000000.0,"['pytorch', 'spark', 'aws', 'r', 'python', 'scala', 'java', 'sql', 'machine learning', 'gcp', 'deep learning', 'azure', 'tensorflow', 'tableau']",85860.0,150249.0
data scientist,lead,,company_268,Asia,Asia,Finance,Public,30840.0,,"['spark', 'git', 'python', 'sql', 'machine learning', 'hadoop', 'deep learning']",67039.0,67039.0
machine learning engineer,senior,on-site,company_883,United States,Europe,Technology,Public,117760.0,104210000000.0,"['pytorch', 'machine learning', 'database', 'deep learning', 'tensorflow']",114169.0,127869.0
data sci,senior,on-site,company_134,United States,United States,Retail,Public,865476.0,832760000000.0,"['amazon', 'aws', 'r', 'python', 'sql', 'machine learning', 'tableau']",149803.0,168061.0
data scientist,senior,hybrid,company_357,multi-location,United States,Technology,Public,132040.0,142230000000.0,"['pandas', 'numpy', 'pytorch', 'spark', 'r', 'python', 'java', 'sklearn', 'sql', 'machine learning', 'keras', 'deep learning', 'matplotlib', 'tensorflow', 'tableau']",,
data scientist,senior,,company_931,Asia,United States,Technology,Public,26090.0,,"['sql', 'tableau', 'python']",32733.0,32733.0
data scientist,senior,remote,company_236,Canada,United States,Technology,Private,30.0,,"['sql', 'machine learning', 'tableau', 'python']",137004.0,155270.0
data scientist,senior,on-site,company_233,United States,United States,Technology,Public,27410.0,,"['amazon', 'aws', 'git', 'r', 'python', 'docker', 'sql', 'kubernetes', 'hadoop']",95587.0,172786.0
data scientist,midlevel,on-site,company_316,Asia,United States,Healthcare,Public,37950.0,,"['spark', 'python', 'sql', 'machine learning', 'deep learning']",18199.0,18199.0
data scientist,senior,,company_878,Asia,United States,Technology,Public,21300.0,144670000000.0,"['pandas', 'numpy', 'pytorch', 'spark', 'aws', 'python', 'scala', 'sql', 'hadoop', 'machine learning', 'keras', 'azure']",29932.0,37411.0
data scientist,senior,hybrid,company_781,United States,United States,Technology,Public,96040.0,,"['pytorch', 'aws', 'python', 'sql', 'machine learning', 'hadoop', 'azure', 'tensorflow']",80559.0,80559.0
data scientist,senior,on-site,company_021,United States,United States,Technology,Public,5570.0,60910000000.0,[],189974.0,189974.0
data scientist,senior,on-site,company_288,United States,United States,Technology,Public,26040.0,63090000000.0,"['aws', 'azure']",114169.0,114169.0
data scientist,midlevel,remote,company_421,Other,United States,Technology,Private,,,"['sql', 'machine learning', 'python']",,25216.0
data scientist,midlevel,remote,company_421,Other,United States,Technology,Private,,,"['sql', 'machine learning', 'python']",25212.0,25212.0
data scientist,senior,hybrid,company_983,United States,United States,Technology,Public,27020.0,,"['pandas', 'numpy', 'pytorch', 'spark', 'aws', 'scikit-learn', 'python', 'docker', 'java', 'machine learning', 'gcp', 'kubernetes', 'hadoop', 'azure', 'matplotlib', 'tensorflow']",90425.0,205504.0
data scientist,lead,,company_366,Asia,United States,Technology,Private,180.0,,"['pandas', 'numpy', 'aws', 'r', 'python', 'machine learning', 'gcp', 'azure']",,19776.0
data sci,senior,on-site,company_992,United States,Other,Technology,Public,6040.0,27920000000.0,"['tableau', 'sql', 'r', 'python']",184128.0,240389.0
data scientist,senior,on-site,company_917,United States,United States,Technology,Public,258800.0,,"['sql', 'r', 'python']",167139.0,247512.0
data scientist,senior,hybrid,company_008,Asia,United States,Technology,Public,34640.0,81660000000.0,"['r', 'python', 'sql', 'gcp', 'machine learning']",33313.0,42993.0
data scientist,senior,,company_375,Asia,Asia,Technology,Public,36090.0,,"['pytorch', 'python', 'scala', 'machine learning', 'deep learning', 'tensorflow']",104650.0,128175.0
data scientist,senior,on-site,company_366,Asia,United States,Technology,Private,180.0,,"['pandas', 'numpy', 'aws', 'r', 'python', 'machine learning', 'gcp', 'azure']",19777.0,19777.0
data scientist,junior,,company_269,United States,United States,Finance,Public,274250.0,276770000000.0,"['machine learning', 'matplotlib', 'python']",132436.0,146136.0
data scientist,senior,,company_250,United States,Europe,Healthcare,Private,76030.0,,"['pandas', 'numpy', 'aws', 'scikit-learn', 'python', 'machine learning', 'azure']",66122.0,99997.0
data scientist,senior,on-site,company_288,United States,United States,Technology,Public,26030.0,62740000000.0,"['pytorch', 'aws', 'r', 'python', 'scikit-learn', 'sql', 'machine learning', 'tensorflow', 'tableau']",114169.0,114169.0
data scientist,senior,hybrid,company_081,United States,United States,Technology,Public,5030.0,4720000000.0,[],135177.0,168970.0
data scientist,midlevel,hybrid,company_008,multi-location,United States,Technology,Public,34640.0,81810000000.0,"['pytorch', 'scikit-learn', 'python', 'machine learning', 'tensorflow']",24064.0,
machine learning engineer,senior,on-site,company_156,United States,United States,Technology,Private,900.0,8100000000.0,[],167893.0,252056.0
data scientist,senior,on-site,company_980,Asia,United States,Retail,Public,409050.0,66890000000.0,"['spark', 'machine learning', 'python']",31213.0,58200.0
machine learning engineer,junior,on-site,company_881,United States,Asia,Technology,Private,110010.0,128020000000.0,"['pytorch', 'python', 'machine learning', 'deep learning', 'tensorflow']",132436.0,216919.0
data scientist,senior,hybrid,company_083,multi-location,Europe,Technology,Private,263560.0,25310000000.0,"['pytorch', 'aws', 'scikit-learn', 'docker', 'deep learning', 'machine learning', 'kubernetes', 'keras', 'azure', 'tensorflow']",73983.0,73983.0
data scientist,senior,,company_134,United States,United States,Retail,Public,865456.0,832910000000.0,"['amazon', 'r', 'python', 'sql', 'machine learning']",155274.0,182674.0
data sci,senior,hybrid,company_183,Europe,Europe,Technology,Private,3800.0,,"['sql', 'r', 'python']",98643.0,98643.0
data scientist,senior,on-site,company_291,United States,Asia,Technology,Public,261010.0,71230000000.0,"['pytorch', 'spark', 'aws', 'r', 'python', 'scala', 'java', 'sql', 'machine learning', 'gcp', 'deep learning', 'azure', 'tensorflow', 'tableau']",85861.0,
data scientist,senior,on-site,company_308,United States,United States,Technology,Public,182308.0,,"['sql', 'python']",144680.0,235647.0
data scientist,senior,,company_270,United States,United States,Healthcare,Public,300050.0,121170000000.0,"['aws', 'python', 'sql', 'machine learning', 'gcp', 'azure']",131703.0,263405.0
data scientist,senior,remote,company_038,Europe,Europe,Technology,Public,132000.0,17410000000.0,"['spark', 'scikit-learn', 'python', 'scala', 'java', 'machine learning', 'keras', 'deep learning', 'tensorflow']",52506.0,52506.0
data scientist,senior,,company_993,Asia,Asia,Technology,Private,590.0,,"['aws', 'scikit-learn', 'python', 'machine learning', 'gcp', 'keras', 'deep learning', 'tensorflow']",23239.0,
data scientist,,remote,company_169,Remote,United States,Technology,Public,4110.0,7790000000.0,[],158829.0,178648.0
data sci,senior,hybrid,company_008,Asia,United States,Technology,Public,34680.0,82450000000.0,[],33111.0,47625.0
data scientist,midlevel,hybrid,company_983,United States,United States,Technology,Public,27010.0,,"['aws', 'machine learning', 'python']",71394.0,161915.0
data scientist,midlevel,on-site,company_395,United States,United States,Retail,Public,55090.0,36490000000.0,"['spark', 'aws', 'r', 'python', 'scala', 'sql', 'machine learning', 'database', 'deep learning']",7.0,181602.0
data scientist,senior,on-site,company_003,United States,United States,Retail,Public,,354990000000.0,"['spark', 'r', 'python', 'scala', 'sql', 'machine learning', 'tensorflow']",82797.0,165590.0
machine learning engineer,senior,,company_941,Asia,Europe,Technology,Public,492205.0,154060000000.0,"['aws', 'gcp', 'azure']",20441.0,20441.0
data scientist,senior,hybrid,company_008,multi-location,United States,Technology,Public,34690.0,82100000000.0,"['hadoop', 'sql']",113614.0,
data sci,midlevel,hybrid,company_983,multi-location,United States,Technology,Public,27030.0,,"['linux', 'machine learning', 'r', 'python']",71396.0,161917.0
data scientist,senior,on-site,company_003,United States,United States,Retail,Public,,354990000000.0,"['numpy', 'pytorch', 'spark', 'r', 'python', 'scikit-learn', 'scala', 'bash', 'java', 'sql', 'machine learning', 'gcp', 'deep learning', 'matplotlib', 'tensorflow']",107637.0,215269.0
data scientist,senior,on-site,company_003,United States,United States,Retail,Public,,354990000000.0,"['numpy', 'pytorch', 'spark', 'r', 'python', 'scikit-learn', 'scala', 'bash', 'java', 'sql', 'machine learning', 'gcp', 'deep learning', 'matplotlib', 'tensorflow']",131555.0,263105.0
data scientist,midlevel,on-site,company_917,United States,United States,Technology,Public,258780.0,,"['sql', 'r', 'python']",152711.0,224466.0
data scientist,senior,on-site,company_134,United States,United States,Retail,Public,865436.0,839030000000.0,"['amazon', 'r', 'python', 'sql', 'tableau']",160991.0,160991.0
data scientist,senior,on-site,company_134,multi-location,United States,Retail,Public,865466.0,838830000000.0,"['amazon', 'aws', 'r', 'python', 'sql', 'machine learning', 'tableau']",150883.0,
machine learning engineer,midlevel,,company_941,Asia,Europe,Technology,Public,492195.0,154410000000.0,"['sql', 'python']",10605.0,
data scientist,senior,on-site,company_003,United States,United States,Retail,Public,,354990000000.0,"['pytorch', 'spark', 'r', 'python', 'scala', 'machine learning', 'tensorflow']",107641.0,215273.0
data scientist,senior,hybrid,company_983,United States,United States,Technology,Public,27060.0,,"['spark', 'python', 'sql', 'hadoop', 'machine learning']",91081.0,206992.0
data scientist,midlevel,hybrid,company_395,United States,United States,Retail,Public,55110.0,36640000000.0,"['spark', 'aws', 'r', 'python', 'scala', 'sql', 'machine learning', 'database', 'deep learning']",,166511.0
data sci,senior,hybrid,company_008,United States,United States,Technology,Public,34670.0,82450000000.0,[],140294.0,241349.0
data scientist,senior,on-site,company_917,United States,United States,Technology,Public,258790.0,,"['sql', 'r', 'python']",208832.0,
data sci,lead,on-site,company_244,multi-location,United States,Finance,Public,290790.0,352750000000.0,"['spark', 'aws', 'r', 'python', 'scikit-learn', 'sql', 'machine learning']",137997.0,
data scientist,senior,,company_134,Asia,United States,Retail,Public,865416.0,838780000000.0,"['amazon', 'r', 'python', 'sql', 'machine learning']",29758.0,110330.0
data scientist,midlevel,on-site,company_395,United States,United States,Retail,Public,55130.0,36340000000.0,"['spark', 'aws', 'r', 'python', 'scala', 'sql', 'machine learning', 'database', 'deep learning']",159150.0,
data scientist,senior,,company_844,United States,United States,Technology,Public,17050.0,95370000000.0,"['tableau', 'sql', 'r', 'python']",174789.0,174789.0
data scientist,senior,,company_083,Asia,Europe,Technology,Private,263610.0,25440000000.0,"['git', 'r', 'python', 'linux', 'sql', 'tableau']",4082.0,10125.0
data scientist,senior,on-site,company_941,United States,Europe,Technology,Public,492255.0,154260000000.0,"['machine learning', 'python']",129163.0,244062.0
data scientist,lead,on-site,company_273,United States,United States,Technology,Public,94570.0,232090000000.0,"['sql', 'machine learning', 'r', 'python']",189513.0,258507.0
data scientist,lead,,company_244,Europe,United States,Finance,Public,290800.0,352900000000.0,"['deep learning', 'python']",116803.0,116803.0
data scientist,senior,on-site,company_003,United States,United States,Retail,Public,,354990000000.0,"['pytorch', 'spark', 'r', 'python', 'scala', 'opencv', 'machine learning', 'deep learning', 'tensorflow']",101194.0,202387.0
data scientist,senior,,company_844,United States,United States,Technology,Public,17030.0,95170000000.0,"['pandas', 'numpy', 'git', 'scikit-learn', 'python', 'linux', 'sql', 'machine learning', 'tableau']",170195.0,170195.0
data scientist,senior,,company_134,Asia,United States,Retail,Public,865476.0,838730000000.0,"['amazon', 'aws', 'r', 'python', 'scala', 'sql', 'machine learning', 'tableau']",44815.0,99272.0
data scientist,lead,on-site,company_273,United States,United States,Technology,Public,94580.0,231890000000.0,['machine learning'],232749.0,288865.0
machine learning engineer,senior,,company_941,Asia,Europe,Technology,Public,492215.0,154110000000.0,"['aws', 'gcp', 'azure']",20445.0,
data scientist,senior,hybrid,company_003,United States,United States,Retail,Public,,354990000000.0,"['pytorch', 'aws', 'python', 'docker', 'machine learning', 'gcp', 'kubernetes', 'azure', 'tensorflow']",143514.0,287023.0
machine learning engineer,junior,on-site,company_881,United States,Asia,Technology,Private,110050.0,129190000000.0,"['pytorch', 'python', 'neural network', 'machine learning', 'deep learning', 'tensorflow']",126724.0,218487.0
data scientist,senior,on-site,company_134,multi-location,United States,Retail,Public,865466.0,839030000000.0,"['amazon', 'aws', 'r', 'python', 'scala', 'sql', 'machine learning', 'tableau']",160994.0,178472.0
data scientist,midlevel,on-site,company_395,United States,United States,Retail,Public,55090.0,36490000000.0,"['spark', 'aws', 'r', 'python', 'scala', 'sql', 'machine learning', 'database', 'deep learning']",159157.0,181603.0
data scientist,midlevel,on-site,company_273,United States,United States,Technology,Public,94570.0,231940000000.0,"['sql', 'machine learning', 'r', 'python']",159153.0,222628.0
data scientist,senior,on-site,company_134,United States,United States,Retail,Public,865476.0,838830000000.0,"['amazon', 'aws', 'r', 'python', 'sql', 'machine learning']",119600.0,220792.0
data scientist,senior,on-site,company_134,multi-location,United States,Retail,Public,865446.0,839080000000.0,"['amazon', 'spark', 'r', 'python', 'sql', 'hadoop']",118676.0,220788.0
machine learning engineer,midlevel,,company_941,Asia,Europe,Technology,Public,492255.0,154410000000.0,"['sql', 'python']",10605.0,26380.0
data scientist,senior,hybrid,company_008,Asia,United States,Technology,Public,34670.0,82200000000.0,[],33117.0,47631.0
machine learning engineer,midlevel,,company_941,Asia,Europe,Technology,Public,492215.0,154160000000.0,"['pytorch', 'aws', 'python', 'docker', 'machine learning', 'azure', 'tensorflow']",10602.0,26377.0
data sci,midlevel,on-site,company_134,United States,United States,Retail,Public,865436.0,838980000000.0,"['amazon', 'r', 'python', 'sql', 'machine learning']",110400.0,220791.0
data scientist,senior,hybrid,company_008,United States,United States,Technology,Public,34660.0,82250000000.0,"['sql', 'powerbi', 'tableau', 'python']",,211591.0
data scientist,senior,on-site,company_917,United States,United States,Technology,Public,258770.0,,"['sql', 'r', 'python']",129716.0,
machine learning engineer,midlevel,on-site,company_244,multi-location,United States,Finance,Public,290770.0,352550000000.0,"['pandas', 'numpy', 'pytorch', 'scikit-learn', 'machine learning', 'deep learning', 'tensorflow']",131552.0,131552.0
data scientist,lead,,company_244,Asia,United States,Finance,Public,290770.0,352850000000.0,"['pytorch', 'machine learning', 'tensorflow', 'python']",54950.0,54950.0
data scientist,senior,,company_171,Asia,United States,Technology,Public,524628.0,120240000000.0,"['docker', 'kubernetes', 'java']",33283.0,53075.0
machine learning engineer,senior,,company_941,Asia,Europe,Technology,Public,492225.0,154110000000.0,"['aws', 'gcp', 'azure']",20445.0,20445.0
data scientist,lead,on-site,company_244,United States,United States,Finance,Public,290760.0,352900000000.0,"['machine learning', 'r', 'python']",165589.0,165589.0
data scientist,senior,hybrid,company_003,United States,United States,Retail,Public,,354990000000.0,"['spark', 'r', 'python', 'scala', 'sql', 'machine learning', 'tensorflow']",183991.0,183991.0
data scientist,midlevel,on-site,company_134,United States,United States,Retail,Public,865416.0,839030000000.0,"['amazon', 'python', 'sql', 'hadoop', 'machine learning']",122355.0,220787.0
machine learning engineer,midlevel,,company_941,Asia,Europe,Technology,Public,492235.0,154360000000.0,['machine learning'],10604.0,26379.0
data scientist,senior,on-site,company_917,Europe,United States,Technology,Public,258760.0,,"['sql', 'r', 'python']",112544.0,112544.0
data scientist,senior,on-site,company_003,United States,United States,Retail,Public,,354990000000.0,"['spark', 'r', 'python', 'scala', 'sql', 'machine learning', 'tensorflow']",131557.0,263107.0
data scientist,midlevel,on-site,company_917,United States,United States,Technology,Public,258810.0,,"['sql', 'r', 'python']",129712.0,
data engineer,senior,on-site,company_134,United States,United States,Retail,Public,865476.0,839080000000.0,"['amazon', 'aws']",119600.0,220792.0
data scientist,lead,,company_244,Europe,United States,Finance,Public,290750.0,352750000000.0,[],92773.0,146026.0
data scientist,lead,on-site,company_273,United States,United States,Technology,Public,94580.0,231890000000.0,"['sql', 'machine learning', 'r', 'python']",189510.0,258504.0
data scientist,midlevel,on-site,company_395,United States,United States,Retail,Public,55090.0,36340000000.0,"['spark', 'aws', 'r', 'python', 'scala', 'sql', 'machine learning', 'database', 'deep learning']",159154.0,181600.0
data sci,lead,on-site,company_395,United States,United States,Retail,Public,55150.0,36340000000.0,"['aws', 'r', 'python', 'scala', 'machine learning', 'database', 'deep learning']",264761.0,302202.0
data scientist,senior,on-site,company_273,United States,United States,Technology,Public,94560.0,231940000000.0,"['sql', 'machine learning', 'r', 'python']",159157.0,222632.0
data scientist,senior,,company_844,United States,United States,Technology,Public,17030.0,95220000000.0,"['r', 'python', 'sql', 'machine learning', 'tableau']",163752.0,163752.0
data scientist,senior,on-site,company_134,multi-location,United States,Retail,Public,865416.0,839080000000.0,"['amazon', 'r', 'python', 'sql', 'machine learning']",,156391.0
data scientist,lead,on-site,company_395,United States,United States,Retail,Public,55140.0,36440000000.0,"['spark', 'aws', 'r', 'python', 'scala', 'sql', 'machine learning', 'database', 'deep learning']",194110.0,221524.0
data scientist,senior,,company_171,Asia,United States,Technology,Public,524568.0,120340000000.0,"['database', 'machine learning', 'java']",27474.0,53079.0
data sci,senior,hybrid,company_983,United States,United States,Technology,Public,27010.0,,"['spark', 'r', 'python', 'sql', 'hadoop', 'machine learning']",91075.0,206986.0
data scientist,senior,,company_844,United States,United States,Technology,Public,17050.0,95270000000.0,"['r', 'python', 'sql', 'machine learning', 'tableau']",163754.0,
data scientist,senior,on-site,company_134,United States,United States,Retail,Public,865416.0,838730000000.0,"['amazon', 'aws', 'r', 'python', 'sql', 'machine learning']",110396.0,220787.0
data scientist,lead,on-site,company_244,United States,United States,Finance,Public,290780.0,352700000000.0,"['pandas', 'numpy', 'pytorch', 'spark', 'aws', 'scikit-learn', 'python', 'sql', 'keras', 'machine learning', 'tensorflow']",137996.0,137996.0
data scientist,midlevel,on-site,company_273,United States,United States,Technology,Public,94560.0,232140000000.0,"['sql', 'machine learning', 'r', 'python']",133392.0,187668.0
machine learning engineer,senior,,company_941,Asia,Europe,Technology,Public,492215.0,154160000000.0,"['aws', 'gcp', 'azure']",20440.0,20440.0
data scientist,senior,on-site,company_134,United States,United States,Retail,Public,865466.0,838880000000.0,"['amazon', 'spark', 'r', 'python', 'sql', 'hadoop', 'machine learning']",1.0,220784.0
data scientist,senior,on-site,company_917,United States,United States,Technology,Public,258810.0,,"['sql', 'r', 'python']",208825.0,294379.0
data scientist,senior,on-site,company_395,United States,United States,Retail,Public,55110.0,36490000000.0,"['pytorch', 'aws', 'r', 'python', 'scala', 'sql', 'database', 'machine learning']",133489.0,152347.0
data scientist,midlevel,hybrid,company_008,United States,United States,Technology,Public,34650.0,82450000000.0,"['r', 'python', 'sql', 'machine learning', 'tableau']",113614.0,195810.0
data scientist,senior,on-site,company_134,multi-location,United States,Retail,Public,865466.0,838880000000.0,"['amazon', 'r', 'python', 'scala', 'sql', 'machine learning']",118677.0,220789.0
data scientist,senior,on-site,company_273,United States,United States,Technology,Public,94590.0,231940000000.0,"['spark', 'powerbi', 'r', 'python', 'sql', 'machine learning', 'tableau']",133394.0,
data scientist,senior,,company_917,Asia,United States,Technology,Public,258810.0,,"['sql', 'r', 'python']",42805.0,42805.0
data scientist,midlevel,,company_244,Europe,United States,Finance,Public,290800.0,352700000000.0,"['sql', 'machine learning', 'python']",97625.0,97625.0
data scientist,senior,,company_844,United States,United States,Technology,Public,17030.0,95070000000.0,"['tableau', 'sql', 'r', 'python']",170193.0,170193.0
data scientist,senior,on-site,company_003,United States,United States,Retail,Public,,354990000000.0,"['pytorch', 'spark', 'r', 'python', 'scala', 'machine learning', 'azure', 'tensorflow']",131559.0,263109.0
data scientist,senior,on-site,company_003,United States,United States,Retail,Public,,354990000000.0,"['numpy', 'pytorch', 'spark', 'r', 'python', 'scikit-learn', 'scala', 'bash', 'java', 'sql', 'machine learning', 'gcp', 'deep learning', 'matplotlib', 'tensorflow']",107640.0,215272.0
data scientist,junior,on-site,company_030,Other,United States,Technology,Public,49540.0,,"['spark', 'aws', 'python', 'sql', 'machine learning', 'gcp', 'azure']",22087.0,22087.0
data scientist,lead,on-site,company_917,United States,United States,Technology,Public,258770.0,,"['sql', 'r', 'python']",181232.0,267706.0
machine learning engineer,senior,hybrid,company_008,United States,United States,Technology,Public,34630.0,82100000000.0,"['pytorch', 'python', 'sql', 'machine learning', 'gcp', 'hadoop', 'deep learning', 'tensorflow']",172950.0,298014.0
data scientist,senior,on-site,company_003,United States,United States,Retail,Public,,354990000000.0,"['pytorch', 'spark', 'r', 'python', 'scala', 'neural network', 'machine learning', 'deep learning', 'tensorflow']",101193.0,202386.0
data scientist,lead,on-site,company_273,United States,United States,Technology,Public,94590.0,232190000000.0,['machine learning'],232745.0,288861.0
data scientist,senior,on-site,company_917,United States,United States,Technology,Public,258810.0,,"['sql', 'r', 'python']",181229.0,267703.0
data scientist,midlevel,on-site,company_134,United States,United States,Retail,Public,865446.0,839080000000.0,"['amazon', 'r', 'python', 'sql', 'machine learning']",110401.0,220792.0
data sci,senior,on-site,company_917,United States,United States,Technology,Public,258820.0,,"['sql', 'r', 'python']",168348.0,249302.0
machine learning engineer,midlevel,,company_941,Asia,Europe,Technology,Public,492205.0,154110000000.0,['machine learning'],10603.0,26378.0
data scientist,senior,remote,company_083,Europe,Europe,Technology,Private,263570.0,25490000000.0,"['pandas', 'amazon', 'pytorch', 'aws', 'git', 'python', 'docker', 'sql', 'kubernetes', 'azure']",60795.0,
data scientist,senior,on-site,company_395,United States,United States,Retail,Public,55130.0,36440000000.0,"['pytorch', 'aws', 'r', 'python', 'scala', 'sql', 'database', 'machine learning']",159156.0,181602.0
data scientist,lead,,company_291,Asia,Asia,Technology,Public,261030.0,71500000000.0,[],9657.0,9657.0
data scientist,senior,on-site,company_003,United States,United States,Retail,Public,,354990000000.0,"['spark', 'r', 'python', 'scala', 'sql', 'machine learning', 'tensorflow']",131556.0,263106.0
data scientist,senior,on-site,company_134,multi-location,United States,Retail,Public,865476.0,838830000000.0,"['amazon', 'aws', 'r', 'python', 'sql', 'tableau']",156392.0,
data scientist,senior,,company_083,United States,Europe,Technology,Private,263580.0,25340000000.0,"['r', 'python', 'sql', 'machine learning', 'azure']",80371.0,124381.0
data scientist,senior,hybrid,company_008,United States,United States,Technology,Public,34670.0,82200000000.0,"['tableau', 'sql', 'r', 'python']",113612.0,195808.0
data scientist,senior,on-site,company_917,United States,United States,Technology,Public,258790.0,,"['sql', 'machine learning', 'r', 'python']",181235.0,267709.0
data scientist,senior,on-site,company_134,multi-location,United States,Retail,Public,865426.0,838880000000.0,"['amazon', 'r', 'python', 'scala', 'sql', 'machine learning']",137999.0,165596.0
data sci,senior,on-site,company_844,United States,United States,Technology,Public,17020.0,95270000000.0,"['sql', 'machine learning', 'r', 'python']",164672.0,171572.0
data scientist,senior,on-site,company_244,United States,United States,Finance,Public,290780.0,352800000000.0,"['pandas', 'numpy', 'python', 'sql', 'machine learning', 'tableau']",133114.0,193194.0
data scientist,midlevel,on-site,company_244,United States,United States,Finance,Public,290800.0,352600000000.0,"['pytorch', 'spark', 'python', 'sql', 'keras', 'machine learning', 'tensorflow']",124196.0,197790.0
data engineer,senior,,company_134,Canada,United States,Retail,Public,865426.0,838830000000.0,"['amazon', 'aws', 'python', 'scala', 'java', 'airflow', 'sql']",95034.0,158785.0
data scientist,midlevel,on-site,company_273,United States,United States,Technology,Public,94580.0,232090000000.0,"['sql', 'machine learning', 'r', 'python']",159150.0,222625.0
data scientist,senior,on-site,company_003,United States,United States,Retail,Public,,354990000000.0,"['spark', 'r', 'python', 'scala', 'sql', 'machine learning', 'tensorflow']",131554.0,263104.0
machine learning engineer,senior,on-site,company_134,United States,United States,Retail,Public,865436.0,838980000000.0,"['amazon', 'machine learning']",110395.0,220786.0
machine learning engineer,midlevel,,company_941,Asia,Europe,Technology,Public,492245.0,154210000000.0,['machine learning'],10601.0,26376.0
data scientist,midlevel,,company_881,Asia,Asia,Technology,Private,110010.0,129040000000.0,"['sql', 'machine learning', 'r', 'python']",57958.0,103129.0
data scientist,senior,hybrid,company_003,United States,United States,Retail,Public,,354990000000.0,"['pytorch', 'spark', 'r', 'python', 'scala', 'java', 'airflow', 'sql', 'machine learning', 'deep learning', 'keras', 'azure', 'tensorflow']",131552.0,263102.0
data scientist,senior,,company_844,United States,United States,Technology,Public,17050.0,95370000000.0,"['spark', 'r', 'python', 'sql', 'tableau']",170195.0,
data scientist,senior,on-site,company_917,United States,United States,Technology,Public,258790.0,,"['spark', 'r', 'python', 'sql', 'hadoop', 'machine learning']",129711.0,185827.0
data scientist,senior,hybrid,company_008,Asia,United States,Technology,Public,34650.0,82400000000.0,"['sql', 'machine learning', 'python']",24239.0,47626.0
data sci,senior,,company_171,Asia,United States,Technology,Public,524598.0,120290000000.0,"['pytorch', 'python', 'sql', 'machine learning', 'deep learning', 'tensorflow']",33288.0,53080.0
machine learning engineer,senior,,company_134,Other,United States,Retail,Public,865456.0,838780000000.0,"['amazon', 'machine learning']",64290.0,64290.0
data scientist,midlevel,on-site,company_395,United States,United States,Retail,Public,55150.0,36290000000.0,"['spark', 'aws', 'r', 'python', 'scala', 'sql', 'database', 'machine learning']",145904.0,166510.0
data scientist,midlevel,on-site,company_395,United States,United States,Retail,Public,55110.0,36340000000.0,"['spark', 'aws', 'r', 'python', 'scala', 'sql', 'machine learning', 'database', 'deep learning']",159149.0,181595.0
data scientist,senior,on-site,company_844,United States,United States,Technology,Public,17040.0,95220000000.0,"['r', 'python', 'scala', 'sql', 'machine learning', 'deep learning']",195486.0,201926.0
